inst_id,inst_label,n,rho,mode,EU_status,EU_obj,EU_gap,EU_time_sec,IU_status,IU_obj,IU_gap,IU_time_sec,exact_status,exact_obj,exact_time_sec
1,n4_rho3_B_LI_NCVX_rational,4,3.0,RLT,OPTIMAL,-9930.999999628746,0.0,1.4986,OPTIMAL,-9999.999999995618,0.6948,0.0029,OPTIMAL,-9931.0,0.3315
1,n4_rho3_B_LI_NCVX_rational,4,3.0,RLT_SOC2x2_diag_X,OPTIMAL,-9930.999999077752,0.0,1.0441,OPTIMAL,-9999.999999967738,0.6948,0.005,OPTIMAL,-9931.0,0.3315
1,n4_rho3_B_LI_NCVX_rational,4,3.0,RLT_SOC2x2_diag_U,OPTIMAL,-9930.999999890777,0.0,0.0028,OPTIMAL,-9999.999999993419,0.6948,0.0033,OPTIMAL,-9931.0,0.3315
1,n4_rho3_B_LI_NCVX_rational,4,3.0,RLT_SOC2x2_diag_XU,OPTIMAL,-9930.999999487174,0.0,0.0027,OPTIMAL,-9999.999999992844,0.6948,0.0037,OPTIMAL,-9931.0,0.3315
1,n4_rho3_B_LI_NCVX_rational,4,3.0,RLT_SOC2x2_full_X,OPTIMAL,-9930.99999519889,0.0,0.0029,OPTIMAL,-9999.999997671342,0.6948,0.0047,OPTIMAL,-9931.0,0.3315
1,n4_rho3_B_LI_NCVX_rational,4,3.0,RLT_SOC2x2_full_U,OPTIMAL,-9930.99999357689,0.0,0.0042,OPTIMAL,-9999.99999998978,0.6948,0.0043,OPTIMAL,-9931.0,0.3315
1,n4_rho3_B_LI_NCVX_rational,4,3.0,RLT_SOC2x2_full_XU,OPTIMAL,-9930.999997085288,0.0,0.0035,OPTIMAL,-9999.999999993659,0.6948,0.0055,OPTIMAL,-9931.0,0.3315
1,n4_rho3_B_LI_NCVX_rational,4,3.0,RLT_SOC_directional_X,OPTIMAL,-9930.999999210993,0.0,0.0033,OPTIMAL,-9999.999999178819,0.6948,0.0042,OPTIMAL,-9931.0,0.3315
1,n4_rho3_B_LI_NCVX_rational,4,3.0,RLT_SOC_directional_U,OPTIMAL,-9930.999999795258,0.0,0.004,OPTIMAL,-9999.99998165577,0.6948,0.0031,OPTIMAL,-9931.0,0.3315
1,n4_rho3_B_LI_NCVX_rational,4,3.0,RLT_SOC_directional_XU,OPTIMAL,-9930.999992740948,0.0,0.0041,OPTIMAL,-9999.999999173735,0.6948,0.0043,OPTIMAL,-9931.0,0.3315
1,n4_rho3_B_LI_NCVX_rational,4,3.0,RLT_SOC_hybrid_X,OPTIMAL,-9930.99995335839,0.0,0.0044,OPTIMAL,-9999.999995748345,0.6948,0.004,OPTIMAL,-9931.0,0.3315
1,n4_rho3_B_LI_NCVX_rational,4,3.0,RLT_SOC_hybrid_U,OPTIMAL,-9930.999983335012,0.0,0.004,OPTIMAL,-9999.999985649487,0.6948,0.0034,OPTIMAL,-9931.0,0.3315
1,n4_rho3_B_LI_NCVX_rational,4,3.0,RLT_SOC_hybrid_XU,OPTIMAL,-9930.999999686084,0.0,0.0051,OPTIMAL,-9999.999999041836,0.6948,0.0599,OPTIMAL,-9931.0,0.3315
1,n4_rho3_B_LI_NCVX_rational,4,3.0,RLT_PSD3x3_X,OPTIMAL,-9930.999999949574,0.0,0.5691,OPTIMAL,-10000.000000539196,0.6948,0.0128,OPTIMAL,-9931.0,0.3315
1,n4_rho3_B_LI_NCVX_rational,4,3.0,RLT_PSD3x3_U,OPTIMAL,-9930.999985719565,0.0,0.0079,OPTIMAL,-10000.000001932083,0.6948,0.008,OPTIMAL,-9931.0,0.3315
1,n4_rho3_B_LI_NCVX_rational,4,3.0,RLT_PSD3x3_XU,OPTIMAL,-9930.999999799587,0.0,0.017,OPTIMAL,-10000.000006263386,0.6948,0.0111,OPTIMAL,-9931.0,0.3315
1,n4_rho3_B_LI_NCVX_rational,4,3.0,RLT_blockSDP_X,OPTIMAL,-9930.999999624886,0.0,0.0243,OPTIMAL,-9930.99999648248,0.0,0.0209,OPTIMAL,-9931.0,0.3315
1,n4_rho3_B_LI_NCVX_rational,4,3.0,RLT_blockSDP_U,OPTIMAL,-9930.999988766824,0.0,0.0086,OPTIMAL,-9931.000000137134,0.0,0.0109,OPTIMAL,-9931.0,0.3315
1,n4_rho3_B_LI_NCVX_rational,4,3.0,RLT_blockSDP_XU,OPTIMAL,-9930.999998785897,0.0,0.0102,OPTIMAL,-9931.000000116914,0.0,0.0097,OPTIMAL,-9931.0,0.3315
1,n4_rho3_B_LI_NCVX_rational,4,3.0,RLT_full_SDP,OPTIMAL,-9930.999999888545,0.0,0.4811,OPTIMAL,-9931.000000090291,0.0,0.011,OPTIMAL,-9931.0,0.3315
2,n7_rho4_S_LI_LE_CVX_seed1,7,4.0,RLT,OPTIMAL,-87.89452088318731,16.7509,0.0058,OPTIMAL,-87.89452654984856,16.751,0.0045,OPTIMAL,-75.28377673410895,0.0618
2,n7_rho4_S_LI_LE_CVX_seed1,7,4.0,RLT_SOC2x2_diag_X,OPTIMAL,-75.28377681111198,0.0,0.0056,OPTIMAL,-75.28377691316652,0.0,0.0052,OPTIMAL,-75.28377673410895,0.0618
2,n7_rho4_S_LI_LE_CVX_seed1,7,4.0,RLT_SOC2x2_diag_U,OPTIMAL,-87.89452104062093,16.7509,0.0039,OPTIMAL,-87.89452029910078,16.7509,0.0054,OPTIMAL,-75.28377673410895,0.0618
2,n7_rho4_S_LI_LE_CVX_seed1,7,4.0,RLT_SOC2x2_diag_XU,OPTIMAL,-75.28377678780797,0.0,0.0045,OPTIMAL,-75.28377692711516,0.0,0.0061,OPTIMAL,-75.28377673410895,0.0618
2,n7_rho4_S_LI_LE_CVX_seed1,7,4.0,RLT_SOC2x2_full_X,OPTIMAL,-75.28377687968978,0.0,0.0052,OPTIMAL,-75.2837780660947,0.0,0.0063,OPTIMAL,-75.28377673410895,0.0618
2,n7_rho4_S_LI_LE_CVX_seed1,7,4.0,RLT_SOC2x2_full_U,OPTIMAL,-87.89452030033571,16.7509,0.0046,OPTIMAL,-87.89452032673434,16.7509,0.0057,OPTIMAL,-75.28377673410895,0.0618
2,n7_rho4_S_LI_LE_CVX_seed1,7,4.0,RLT_SOC2x2_full_XU,OPTIMAL,-75.2837768615811,0.0,0.0053,OPTIMAL,-75.28377699113008,0.0,0.0077,OPTIMAL,-75.28377673410895,0.0618
2,n7_rho4_S_LI_LE_CVX_seed1,7,4.0,RLT_SOC_directional_X,OPTIMAL,-75.28377680401283,0.0,0.0052,OPTIMAL,-75.28377682296924,0.0,0.0081,OPTIMAL,-75.28377673410895,0.0618
2,n7_rho4_S_LI_LE_CVX_seed1,7,4.0,RLT_SOC_directional_U,OPTIMAL,-87.89452198390138,16.7509,0.0046,OPTIMAL,-87.89452029942335,16.7509,0.0084,OPTIMAL,-75.28377673410895,0.0618
2,n7_rho4_S_LI_LE_CVX_seed1,7,4.0,RLT_SOC_directional_XU,OPTIMAL,-75.28377704954795,0.0,0.0094,OPTIMAL,-75.28377698445784,0.0,0.0073,OPTIMAL,-75.28377673410895,0.0618
2,n7_rho4_S_LI_LE_CVX_seed1,7,4.0,RLT_SOC_hybrid_X,OPTIMAL,-75.28377690244028,0.0,0.0066,OPTIMAL,-75.28377677810093,0.0,0.006,OPTIMAL,-75.28377673410895,0.0618
2,n7_rho4_S_LI_LE_CVX_seed1,7,4.0,RLT_SOC_hybrid_U,OPTIMAL,-87.89452230016992,16.7509,0.0059,OPTIMAL,-87.89452046486925,16.7509,0.0059,OPTIMAL,-75.28377673410895,0.0618
2,n7_rho4_S_LI_LE_CVX_seed1,7,4.0,RLT_SOC_hybrid_XU,OPTIMAL,-75.28377737720179,0.0,0.0073,OPTIMAL,-75.28377763586617,0.0,0.0078,OPTIMAL,-75.28377673410895,0.0618
2,n7_rho4_S_LI_LE_CVX_seed1,7,4.0,RLT_PSD3x3_X,OPTIMAL,-75.28377689094165,0.0,0.0629,OPTIMAL,-75.28377794854543,0.0,0.0211,OPTIMAL,-75.28377673410895,0.0618
2,n7_rho4_S_LI_LE_CVX_seed1,7,4.0,RLT_PSD3x3_U,OPTIMAL,-87.89452142597925,16.7509,0.0305,OPTIMAL,-87.8945203937533,16.7509,0.0215,OPTIMAL,-75.28377673410895,0.0618
2,n7_rho4_S_LI_LE_CVX_seed1,7,4.0,RLT_PSD3x3_XU,OPTIMAL,-75.28377711776983,0.0,0.0187,OPTIMAL,-75.28377711365282,0.0,0.0191,OPTIMAL,-75.28377673410895,0.0618
2,n7_rho4_S_LI_LE_CVX_seed1,7,4.0,RLT_blockSDP_X,OPTIMAL,-75.28377685794297,0.0,0.0137,OPTIMAL,-75.28377692514869,0.0,0.018,OPTIMAL,-75.28377673410895,0.0618
2,n7_rho4_S_LI_LE_CVX_seed1,7,4.0,RLT_blockSDP_U,OPTIMAL,-87.89452068148074,16.7509,0.011,OPTIMAL,-87.89452031159114,16.7509,0.0139,OPTIMAL,-75.28377673410895,0.0618
2,n7_rho4_S_LI_LE_CVX_seed1,7,4.0,RLT_blockSDP_XU,OPTIMAL,-75.28377687053552,0.0,0.0164,OPTIMAL,-75.28377687567789,0.0,0.0192,OPTIMAL,-75.28377673410895,0.0618
2,n7_rho4_S_LI_LE_CVX_seed1,7,4.0,RLT_full_SDP,OPTIMAL,-75.2837767414336,0.0,0.0305,OPTIMAL,-75.28377721276193,0.0,0.034,OPTIMAL,-75.28377673410895,0.0618
3,n4_rho3_B_LI_CVX_seed2,4,3.0,RLT,OPTIMAL,-1730.2818513639154,146698.7966,0.0047,OPTIMAL,-1730.2818511960097,146698.7966,0.0035,OPTIMAL,-1.1786757737820897,0.0063
3,n4_rho3_B_LI_CVX_seed2,4,3.0,RLT_SOC2x2_diag_X,OPTIMAL,-120.90016331684012,10157.2875,0.0033,OPTIMAL,-120.90016331803938,10157.2875,0.0044,OPTIMAL,-1.1786757737820897,0.0063
3,n4_rho3_B_LI_CVX_seed2,4,3.0,RLT_SOC2x2_diag_U,OPTIMAL,-1730.2818465233527,146698.7962,0.003,OPTIMAL,-1730.281849776851,146698.7964,0.0031,OPTIMAL,-1.1786757737820897,0.0063
3,n4_rho3_B_LI_CVX_seed2,4,3.0,RLT_SOC2x2_diag_XU,OPTIMAL,-120.90016329424917,10157.2875,0.0038,OPTIMAL,-120.90016347067748,10157.2876,0.0035,OPTIMAL,-1.1786757737820897,0.0063
3,n4_rho3_B_LI_CVX_seed2,4,3.0,RLT_SOC2x2_full_X,OPTIMAL,-1.2403494909871693,5.2325,0.0035,OPTIMAL,-1.2403495252279324,5.2325,0.0045,OPTIMAL,-1.1786757737820897,0.0063
3,n4_rho3_B_LI_CVX_seed2,4,3.0,RLT_SOC2x2_full_U,OPTIMAL,-1730.281843957788,146698.7959,0.0032,OPTIMAL,-1730.2818482022026,146698.7963,0.0027,OPTIMAL,-1.1786757737820897,0.0063
3,n4_rho3_B_LI_CVX_seed2,4,3.0,RLT_SOC2x2_full_XU,OPTIMAL,-1.2403494933025063,5.2325,0.0049,OPTIMAL,-1.2403494912021371,5.2325,0.0051,OPTIMAL,-1.1786757737820897,0.0063
3,n4_rho3_B_LI_CVX_seed2,4,3.0,RLT_SOC_directional_X,OPTIMAL,-1.1791369457778247,0.0391,0.0038,OPTIMAL,-1.1791369865327965,0.0391,0.0043,OPTIMAL,-1.1786757737820897,0.0063
3,n4_rho3_B_LI_CVX_seed2,4,3.0,RLT_SOC_directional_U,OPTIMAL,-1730.2818511360704,146698.7965,0.0029,OPTIMAL,-1730.2818511150258,146698.7965,0.0042,OPTIMAL,-1.1786757737820897,0.0063
3,n4_rho3_B_LI_CVX_seed2,4,3.0,RLT_SOC_directional_XU,OPTIMAL,-1.1791365038486872,0.0391,0.0046,OPTIMAL,-1.179137000598391,0.0391,0.0046,OPTIMAL,-1.1786757737820897,0.0063
3,n4_rho3_B_LI_CVX_seed2,4,3.0,RLT_SOC_hybrid_X,OPTIMAL,-1.1791369803207727,0.0391,0.0052,OPTIMAL,-1.1791368890368417,0.0391,0.0062,OPTIMAL,-1.1786757737820897,0.0063
3,n4_rho3_B_LI_CVX_seed2,4,3.0,RLT_SOC_hybrid_U,OPTIMAL,-1730.2818510975735,146698.7965,0.0041,OPTIMAL,-1730.2818510405527,146698.7965,0.0036,OPTIMAL,-1.1786757737820897,0.0063
3,n4_rho3_B_LI_CVX_seed2,4,3.0,RLT_SOC_hybrid_XU,OPTIMAL,-1.1791367555439682,0.0391,0.0043,OPTIMAL,-1.1791369739161066,0.0391,0.0052,OPTIMAL,-1.1786757737820897,0.0063
3,n4_rho3_B_LI_CVX_seed2,4,3.0,RLT_PSD3x3_X,OPTIMAL,-1.1791370831960006,0.0391,0.0098,OPTIMAL,-1.1791371889659217,0.0391,0.0091,OPTIMAL,-1.1786757737820897,0.0063
3,n4_rho3_B_LI_CVX_seed2,4,3.0,RLT_PSD3x3_U,OPTIMAL,-1730.281859671957,146698.7973,0.0102,OPTIMAL,-1730.2818680305952,146698.798,0.0084,OPTIMAL,-1.1786757737820897,0.0063
3,n4_rho3_B_LI_CVX_seed2,4,3.0,RLT_PSD3x3_XU,OPTIMAL,-1.1791372713381447,0.0392,0.0091,OPTIMAL,-1.1791370805254227,0.0391,0.0096,OPTIMAL,-1.1786757737820897,0.0063
3,n4_rho3_B_LI_CVX_seed2,4,3.0,RLT_blockSDP_X,OPTIMAL,-1.1791370068013396,0.0391,0.0096,OPTIMAL,-1.1791373162411807,0.0392,0.0072,OPTIMAL,-1.1786757737820897,0.0063
3,n4_rho3_B_LI_CVX_seed2,4,3.0,RLT_blockSDP_U,OPTIMAL,-1730.2818514296494,146698.7966,0.0084,OPTIMAL,-1730.2818513937514,146698.7966,0.0078,OPTIMAL,-1.1786757737820897,0.0063
3,n4_rho3_B_LI_CVX_seed2,4,3.0,RLT_blockSDP_XU,OPTIMAL,-1.1791371629753449,0.0391,0.009,OPTIMAL,-1.1791370792003977,0.0391,0.0093,OPTIMAL,-1.1786757737820897,0.0063
3,n4_rho3_B_LI_CVX_seed2,4,3.0,RLT_full_SDP,OPTIMAL,-1.178676481889207,0.0001,0.012,OPTIMAL,-1.1786757805152395,0.0,0.01,OPTIMAL,-1.1786757737820897,0.0063
4,n15_rho10_B_LI_LE_CVX_seed3,15,10.0,RLT,OPTIMAL,1827.432815228332,8.9215,0.0534,OPTIMAL,1827.4328152503788,8.9215,0.0485,OPTIMAL,2006.4374846700841,0.0166
4,n15_rho10_B_LI_LE_CVX_seed3,15,10.0,RLT_SOC2x2_diag_X,OPTIMAL,1952.8115037329,2.6727,0.0406,OPTIMAL,1952.811502195566,2.6727,0.0421,OPTIMAL,2006.4374846700841,0.0166
4,n15_rho10_B_LI_LE_CVX_seed3,15,10.0,RLT_SOC2x2_diag_U,OPTIMAL,1827.4328635115862,8.9215,0.04,OPTIMAL,1827.4329310901378,8.9215,0.0423,OPTIMAL,2006.4374846700841,0.0166
4,n15_rho10_B_LI_LE_CVX_seed3,15,10.0,RLT_SOC2x2_diag_XU,OPTIMAL,1952.8115042473687,2.6727,0.04,OPTIMAL,1952.8115088600039,2.6727,0.0397,OPTIMAL,2006.4374846700841,0.0166
4,n15_rho10_B_LI_LE_CVX_seed3,15,10.0,RLT_SOC2x2_full_X,OPTIMAL,2003.0016893775048,0.1712,0.0552,OPTIMAL,2003.0016917977878,0.1712,0.0558,OPTIMAL,2006.4374846700841,0.0166
4,n15_rho10_B_LI_LE_CVX_seed3,15,10.0,RLT_SOC2x2_full_U,OPTIMAL,1827.4328184049211,8.9215,0.0702,OPTIMAL,1827.432815933179,8.9215,0.0458,OPTIMAL,2006.4374846700841,0.0166
4,n15_rho10_B_LI_LE_CVX_seed3,15,10.0,RLT_SOC2x2_full_XU,OPTIMAL,2003.001703627459,0.1712,0.0632,OPTIMAL,2003.001686302446,0.1712,0.0598,OPTIMAL,2006.4374846700841,0.0166
4,n15_rho10_B_LI_LE_CVX_seed3,15,10.0,RLT_SOC_directional_X,OPTIMAL,2005.872835903917,0.0281,0.0659,OPTIMAL,2005.8728737611548,0.0281,0.0846,OPTIMAL,2006.4374846700841,0.0166
4,n15_rho10_B_LI_LE_CVX_seed3,15,10.0,RLT_SOC_directional_U,OPTIMAL,1827.4328203083237,8.9215,0.0474,OPTIMAL,1827.4328193566053,8.9215,0.0454,OPTIMAL,2006.4374846700841,0.0166
4,n15_rho10_B_LI_LE_CVX_seed3,15,10.0,RLT_SOC_directional_XU,OPTIMAL,2005.872785716977,0.0281,0.0814,OPTIMAL,2005.8728392857747,0.0281,0.0756,OPTIMAL,2006.4374846700841,0.0166
4,n15_rho10_B_LI_LE_CVX_seed3,15,10.0,RLT_SOC_hybrid_X,OPTIMAL,2005.9559911522128,0.024,0.0668,OPTIMAL,2005.9560078114805,0.024,0.0609,OPTIMAL,2006.4374846700841,0.0166
4,n15_rho10_B_LI_LE_CVX_seed3,15,10.0,RLT_SOC_hybrid_U,OPTIMAL,1827.4328156622992,8.9215,0.0554,OPTIMAL,1827.4328206397006,8.9215,0.0495,OPTIMAL,2006.4374846700841,0.0166
4,n15_rho10_B_LI_LE_CVX_seed3,15,10.0,RLT_SOC_hybrid_XU,OPTIMAL,2005.9559833961919,0.024,0.0779,OPTIMAL,2005.9559931343601,0.024,0.0842,OPTIMAL,2006.4374846700841,0.0166
4,n15_rho10_B_LI_LE_CVX_seed3,15,10.0,RLT_PSD3x3_X,OPTIMAL,2006.4373987500219,0.0,0.2522,OPTIMAL,2006.437474307274,0.0,0.2414,OPTIMAL,2006.4374846700841,0.0166
4,n15_rho10_B_LI_LE_CVX_seed3,15,10.0,RLT_PSD3x3_U,OPTIMAL,1827.4328151571174,8.9215,0.1806,OPTIMAL,1827.4328147195301,8.9215,0.186,OPTIMAL,2006.4374846700841,0.0166
4,n15_rho10_B_LI_LE_CVX_seed3,15,10.0,RLT_PSD3x3_XU,OPTIMAL,2006.4373525969868,0.0,0.2449,OPTIMAL,2006.4372953379363,0.0,0.2973,OPTIMAL,2006.4374846700841,0.0166
4,n15_rho10_B_LI_LE_CVX_seed3,15,10.0,RLT_blockSDP_X,OPTIMAL,2006.4374815859492,0.0,0.1524,OPTIMAL,2006.4374836617171,0.0,0.1903,OPTIMAL,2006.4374846700841,0.0166
4,n15_rho10_B_LI_LE_CVX_seed3,15,10.0,RLT_blockSDP_U,OPTIMAL,1827.432796318019,8.9215,0.1408,OPTIMAL,1827.4327495065604,8.9215,0.216,OPTIMAL,2006.4374846700841,0.0166
4,n15_rho10_B_LI_LE_CVX_seed3,15,10.0,RLT_blockSDP_XU,OPTIMAL,2006.4374847639224,0.0,0.2031,OPTIMAL,2006.4374793150841,0.0,0.3411,OPTIMAL,2006.4374846700841,0.0166
4,n15_rho10_B_LI_LE_CVX_seed3,15,10.0,RLT_full_SDP,OPTIMAL,2006.4374848008365,0.0,1.0701,OPTIMAL,2006.4374846710243,0.0,0.9633,OPTIMAL,2006.4374846700841,0.0166
5,n5_rho4_P_LI_CVX_seed4,5,4.0,RLT,OPTIMAL,-2037.5736864462503,31714.292,0.0037,OPTIMAL,-2037.5736828361682,31714.2919,0.0043,OPTIMAL,-6.404585983363559,0.0063
5,n5_rho4_P_LI_CVX_seed4,5,4.0,RLT_SOC2x2_diag_X,OPTIMAL,-190.01007847472468,2866.7816,0.0055,OPTIMAL,-190.01007791786893,2866.7816,0.0038,OPTIMAL,-6.404585983363559,0.0063
5,n5_rho4_P_LI_CVX_seed4,5,4.0,RLT_SOC2x2_diag_U,OPTIMAL,-2037.573666925019,31714.2917,0.0053,OPTIMAL,-2037.5736590094903,31714.2916,0.0035,OPTIMAL,-6.404585983363559,0.0063
5,n5_rho4_P_LI_CVX_seed4,5,4.0,RLT_SOC2x2_diag_XU,OPTIMAL,-190.0100801031816,2866.7816,0.0044,OPTIMAL,-190.0100821781802,2866.7817,0.0039,OPTIMAL,-6.404585983363559,0.0063
5,n5_rho4_P_LI_CVX_seed4,5,4.0,RLT_SOC2x2_full_X,OPTIMAL,-6.525418823566257,1.8867,0.0068,OPTIMAL,-6.525419268319235,1.8867,0.0046,OPTIMAL,-6.404585983363559,0.0063
5,n5_rho4_P_LI_CVX_seed4,5,4.0,RLT_SOC2x2_full_U,OPTIMAL,-2037.5736586544897,31714.2916,0.0038,OPTIMAL,-2037.5736873203628,31714.292,0.0038,OPTIMAL,-6.404585983363559,0.0063
5,n5_rho4_P_LI_CVX_seed4,5,4.0,RLT_SOC2x2_full_XU,OPTIMAL,-6.525418693459712,1.8867,0.0049,OPTIMAL,-6.525419274872229,1.8867,0.0055,OPTIMAL,-6.404585983363559,0.0063
5,n5_rho4_P_LI_CVX_seed4,5,4.0,RLT_SOC_directional_X,OPTIMAL,-6.40458515331706,0.0,0.0044,OPTIMAL,-6.404585037510839,0.0,0.0045,OPTIMAL,-6.404585983363559,0.0063
5,n5_rho4_P_LI_CVX_seed4,5,4.0,RLT_SOC_directional_U,OPTIMAL,-2037.5736871101017,31714.292,0.0042,OPTIMAL,-2037.5736861746632,31714.292,0.0038,OPTIMAL,-6.404585983363559,0.0063
5,n5_rho4_P_LI_CVX_seed4,5,4.0,RLT_SOC_directional_XU,OPTIMAL,-6.4045850342123645,0.0,0.006,OPTIMAL,-6.404585267040639,0.0,0.0048,OPTIMAL,-6.404585983363559,0.0063
5,n5_rho4_P_LI_CVX_seed4,5,4.0,RLT_SOC_hybrid_X,OPTIMAL,-6.404585109254819,0.0,0.0048,OPTIMAL,-6.404581433923626,0.0001,0.0047,OPTIMAL,-6.404585983363559,0.0063
5,n5_rho4_P_LI_CVX_seed4,5,4.0,RLT_SOC_hybrid_U,OPTIMAL,-2037.573687704988,31714.292,0.004,OPTIMAL,-2037.573686713209,31714.292,0.005,OPTIMAL,-6.404585983363559,0.0063
5,n5_rho4_P_LI_CVX_seed4,5,4.0,RLT_SOC_hybrid_XU,OPTIMAL,-6.404584229995037,0.0,0.0057,OPTIMAL,-6.404578126185363,0.0001,0.0054,OPTIMAL,-6.404585983363559,0.0063
5,n5_rho4_P_LI_CVX_seed4,5,4.0,RLT_PSD3x3_X,OPTIMAL,-6.404586854448423,0.0,0.0107,OPTIMAL,-6.404591512008426,0.0001,0.013,OPTIMAL,-6.404585983363559,0.0063
5,n5_rho4_P_LI_CVX_seed4,5,4.0,RLT_PSD3x3_U,OPTIMAL,-2037.5736951574172,31714.2921,0.0118,OPTIMAL,-2037.5738195087388,31714.2941,0.0121,OPTIMAL,-6.404585983363559,0.0063
5,n5_rho4_P_LI_CVX_seed4,5,4.0,RLT_PSD3x3_XU,OPTIMAL,-6.4045863439123645,0.0,0.0135,OPTIMAL,-6.40458751921213,0.0,0.0162,OPTIMAL,-6.404585983363559,0.0063
5,n5_rho4_P_LI_CVX_seed4,5,4.0,RLT_blockSDP_X,OPTIMAL,-6.404586735756278,0.0,0.0114,OPTIMAL,-6.404592248202647,0.0001,0.011,OPTIMAL,-6.404585983363559,0.0063
5,n5_rho4_P_LI_CVX_seed4,5,4.0,RLT_blockSDP_U,OPTIMAL,-2037.5736881567564,31714.292,0.0102,OPTIMAL,-2037.5736886213983,31714.292,0.0111,OPTIMAL,-6.404585983363559,0.0063
5,n5_rho4_P_LI_CVX_seed4,5,4.0,RLT_blockSDP_XU,OPTIMAL,-6.404588169532882,0.0,0.011,OPTIMAL,-6.404588085213762,0.0,0.0129,OPTIMAL,-6.404585983363559,0.0063
5,n5_rho4_P_LI_CVX_seed4,5,4.0,RLT_full_SDP,OPTIMAL,-6.4045860462176085,0.0,0.0147,OPTIMAL,-6.404586068438405,0.0,0.0146,OPTIMAL,-6.404585983363559,0.0063
6,n4_rho3_P_LI_NCVX_seed5,4,3.0,RLT,OPTIMAL,-1334.141827872655,44.7454,0.0026,OPTIMAL,-1335.076486166022,44.8468,0.0044,OPTIMAL,-921.7161056209185,0.0215
6,n4_rho3_P_LI_NCVX_seed5,4,3.0,RLT_SOC2x2_diag_X,OPTIMAL,-1017.3956639883503,10.3806,0.0035,OPTIMAL,-1032.9491187355284,12.068,0.0032,OPTIMAL,-921.7161056209185,0.0215
6,n4_rho3_P_LI_NCVX_seed5,4,3.0,RLT_SOC2x2_diag_U,OPTIMAL,-1334.1418308353532,44.7454,0.0038,OPTIMAL,-1335.0764870466255,44.8468,0.0034,OPTIMAL,-921.7161056209185,0.0215
6,n4_rho3_P_LI_NCVX_seed5,4,3.0,RLT_SOC2x2_diag_XU,OPTIMAL,-1017.3956638689858,10.3806,0.0031,OPTIMAL,-1032.9491186256855,12.068,0.0051,OPTIMAL,-921.7161056209185,0.0215
6,n4_rho3_P_LI_NCVX_seed5,4,3.0,RLT_SOC2x2_full_X,OPTIMAL,-939.141117540423,1.8905,0.0033,OPTIMAL,-944.9167480572785,2.5171,0.0038,OPTIMAL,-921.7161056209185,0.0215
6,n4_rho3_P_LI_NCVX_seed5,4,3.0,RLT_SOC2x2_full_U,OPTIMAL,-1334.1418308350273,44.7454,0.0034,OPTIMAL,-1335.0764870475152,44.8468,0.0036,OPTIMAL,-921.7161056209185,0.0215
6,n4_rho3_P_LI_NCVX_seed5,4,3.0,RLT_SOC2x2_full_XU,OPTIMAL,-939.1411172721934,1.8905,0.0034,OPTIMAL,-944.9167480398376,2.5171,0.004,OPTIMAL,-921.7161056209185,0.0215
6,n4_rho3_P_LI_NCVX_seed5,4,3.0,RLT_SOC_directional_X,OPTIMAL,-921.7161030750075,0.0,0.0036,OPTIMAL,-921.7160979547928,0.0,0.0041,OPTIMAL,-921.7161056209185,0.0215
6,n4_rho3_P_LI_NCVX_seed5,4,3.0,RLT_SOC_directional_U,OPTIMAL,-1334.1418308342577,44.7454,0.0034,OPTIMAL,-1335.0764870465337,44.8468,0.0031,OPTIMAL,-921.7161056209185,0.0215
6,n4_rho3_P_LI_NCVX_seed5,4,3.0,RLT_SOC_directional_XU,OPTIMAL,-921.7161028986088,0.0,0.0042,OPTIMAL,-921.7160936007448,0.0,0.0045,OPTIMAL,-921.7161056209185,0.0215
6,n4_rho3_P_LI_NCVX_seed5,4,3.0,RLT_SOC_hybrid_X,OPTIMAL,-921.7161046859251,0.0,0.0034,OPTIMAL,-921.7160940402424,0.0,0.0341,OPTIMAL,-921.7161056209185,0.0215
6,n4_rho3_P_LI_NCVX_seed5,4,3.0,RLT_SOC_hybrid_U,OPTIMAL,-1334.1418308337813,44.7454,0.0041,OPTIMAL,-1335.0764870477933,44.8468,0.0035,OPTIMAL,-921.7161056209185,0.0215
6,n4_rho3_P_LI_NCVX_seed5,4,3.0,RLT_SOC_hybrid_XU,OPTIMAL,-921.7161014382732,0.0,0.0043,OPTIMAL,-921.7160987061153,0.0,0.0048,OPTIMAL,-921.7161056209185,0.0215
6,n4_rho3_P_LI_NCVX_seed5,4,3.0,RLT_PSD3x3_X,OPTIMAL,-921.7161057533269,0.0,0.01,OPTIMAL,-921.7161053244688,0.0,0.0091,OPTIMAL,-921.7161056209185,0.0215
6,n4_rho3_P_LI_NCVX_seed5,4,3.0,RLT_PSD3x3_U,OPTIMAL,-1334.1418308550667,44.7454,0.0089,OPTIMAL,-1335.076487052354,44.8468,0.0093,OPTIMAL,-921.7161056209185,0.0215
6,n4_rho3_P_LI_NCVX_seed5,4,3.0,RLT_PSD3x3_XU,OPTIMAL,-921.7161057358528,0.0,0.0137,OPTIMAL,-921.7161069748456,0.0,0.0134,OPTIMAL,-921.7161056209185,0.0215
6,n4_rho3_P_LI_NCVX_seed5,4,3.0,RLT_blockSDP_X,OPTIMAL,-921.7161056131773,0.0,0.0091,OPTIMAL,-921.7161046124778,0.0,0.008,OPTIMAL,-921.7161056209185,0.0215
6,n4_rho3_P_LI_NCVX_seed5,4,3.0,RLT_blockSDP_U,OPTIMAL,-1334.141837854884,44.7454,0.0082,OPTIMAL,-1335.0764883713277,44.8468,0.0079,OPTIMAL,-921.7161056209185,0.0215
6,n4_rho3_P_LI_NCVX_seed5,4,3.0,RLT_blockSDP_XU,OPTIMAL,-921.7161048514517,0.0,0.0091,OPTIMAL,-921.7161055490035,0.0,0.0097,OPTIMAL,-921.7161056209185,0.0215
6,n4_rho3_P_LI_NCVX_seed5,4,3.0,RLT_full_SDP,OPTIMAL,-921.7161055557133,0.0,0.0095,OPTIMAL,-921.7161056178512,0.0,0.0103,OPTIMAL,-921.7161056209185,0.0215
7,n4_rho3_B_LI_QI_NCVX_seed6,4,3.0,RLT,OPTIMAL,-1581.8982515173718,22.5958,0.0032,OPTIMAL,-1581.89825150864,22.5958,0.0038,OPTIMAL,-1290.336824057514,0.5529
7,n4_rho3_B_LI_QI_NCVX_seed6,4,3.0,RLT_SOC2x2_diag_X,OPTIMAL,-1428.1149924520878,10.6777,0.0041,OPTIMAL,-1428.1149917527737,10.6777,0.0034,OPTIMAL,-1290.336824057514,0.5529
7,n4_rho3_B_LI_QI_NCVX_seed6,4,3.0,RLT_SOC2x2_diag_U,OPTIMAL,-1581.8982515113235,22.5958,0.0033,OPTIMAL,-1581.898250505423,22.5958,0.0034,OPTIMAL,-1290.336824057514,0.5529
7,n4_rho3_B_LI_QI_NCVX_seed6,4,3.0,RLT_SOC2x2_diag_XU,OPTIMAL,-1428.1149928585176,10.6777,0.0032,OPTIMAL,-1428.1149917800303,10.6777,0.0047,OPTIMAL,-1290.336824057514,0.5529
7,n4_rho3_B_LI_QI_NCVX_seed6,4,3.0,RLT_SOC2x2_full_X,OPTIMAL,-1387.99348093272,7.5683,0.0035,OPTIMAL,-1387.9934664841135,7.5683,0.0033,OPTIMAL,-1290.336824057514,0.5529
7,n4_rho3_B_LI_QI_NCVX_seed6,4,3.0,RLT_SOC2x2_full_U,OPTIMAL,-1581.8982515099365,22.5958,0.0033,OPTIMAL,-1581.8982506456837,22.5958,0.0035,OPTIMAL,-1290.336824057514,0.5529
7,n4_rho3_B_LI_QI_NCVX_seed6,4,3.0,RLT_SOC2x2_full_XU,OPTIMAL,-1387.9934797714454,7.5683,0.0037,OPTIMAL,-1387.9934809170522,7.5683,0.004,OPTIMAL,-1290.336824057514,0.5529
7,n4_rho3_B_LI_QI_NCVX_seed6,4,3.0,RLT_SOC_directional_X,OPTIMAL,-1318.5908712336457,2.1897,0.0037,OPTIMAL,-1318.5908713213075,2.1897,0.004,OPTIMAL,-1290.336824057514,0.5529
7,n4_rho3_B_LI_QI_NCVX_seed6,4,3.0,RLT_SOC_directional_U,OPTIMAL,-1581.8982515090552,22.5958,0.0033,OPTIMAL,-1581.8982506380444,22.5958,0.0036,OPTIMAL,-1290.336824057514,0.5529
7,n4_rho3_B_LI_QI_NCVX_seed6,4,3.0,RLT_SOC_directional_XU,OPTIMAL,-1318.590871529109,2.1897,0.0044,OPTIMAL,-1318.590868685576,2.1897,0.0045,OPTIMAL,-1290.336824057514,0.5529
7,n4_rho3_B_LI_QI_NCVX_seed6,4,3.0,RLT_SOC_hybrid_X,OPTIMAL,-1318.5908714920038,2.1897,0.0037,OPTIMAL,-1318.590865731305,2.1897,0.0045,OPTIMAL,-1290.336824057514,0.5529
7,n4_rho3_B_LI_QI_NCVX_seed6,4,3.0,RLT_SOC_hybrid_U,OPTIMAL,-1581.8982515074235,22.5958,0.0033,OPTIMAL,-1581.8982508085737,22.5958,0.0037,OPTIMAL,-1290.336824057514,0.5529
7,n4_rho3_B_LI_QI_NCVX_seed6,4,3.0,RLT_SOC_hybrid_XU,OPTIMAL,-1318.5908715303779,2.1897,0.005,OPTIMAL,-1318.590870439707,2.1897,0.0047,OPTIMAL,-1290.336824057514,0.5529
7,n4_rho3_B_LI_QI_NCVX_seed6,4,3.0,RLT_PSD3x3_X,OPTIMAL,-1317.0967305853628,2.0739,0.0076,OPTIMAL,-1317.0967528391768,2.0739,0.009,OPTIMAL,-1290.336824057514,0.5529
7,n4_rho3_B_LI_QI_NCVX_seed6,4,3.0,RLT_PSD3x3_U,OPTIMAL,-1581.8982650235985,22.5958,0.0065,OPTIMAL,-1581.8982515748023,22.5958,0.0103,OPTIMAL,-1290.336824057514,0.5529
7,n4_rho3_B_LI_QI_NCVX_seed6,4,3.0,RLT_PSD3x3_XU,OPTIMAL,-1317.0967304807723,2.0739,0.0218,OPTIMAL,-1317.0967341381834,2.0739,0.0243,OPTIMAL,-1290.336824057514,0.5529
7,n4_rho3_B_LI_QI_NCVX_seed6,4,3.0,RLT_blockSDP_X,OPTIMAL,-1293.3396580916512,0.2327,0.0137,OPTIMAL,-1293.3396620979506,0.2327,0.0096,OPTIMAL,-1290.336824057514,0.5529
7,n4_rho3_B_LI_QI_NCVX_seed6,4,3.0,RLT_blockSDP_U,OPTIMAL,-1581.8982620950733,22.5958,0.0067,OPTIMAL,-1581.8982517652596,22.5958,0.0071,OPTIMAL,-1290.336824057514,0.5529
7,n4_rho3_B_LI_QI_NCVX_seed6,4,3.0,RLT_blockSDP_XU,OPTIMAL,-1293.3396577240462,0.2327,0.0097,OPTIMAL,-1293.3396677512053,0.2327,0.0131,OPTIMAL,-1290.336824057514,0.5529
7,n4_rho3_B_LI_QI_NCVX_seed6,4,3.0,RLT_full_SDP,OPTIMAL,-1290.3368185013087,0.0,0.014,OPTIMAL,-1290.3368241639469,0.0,0.0122,OPTIMAL,-1290.336824057514,0.5529
8,n4_rho3_B_LI_QE_NCVX_seed7,4,3.0,RLT,OPTIMAL,-1443.8253692691346,11.7201,0.003,OPTIMAL,-1443.8253636330355,11.7201,0.0026,OPTIMAL,-1292.3594467040612,0.2997
8,n4_rho3_B_LI_QE_NCVX_seed7,4,3.0,RLT_SOC2x2_diag_X,OPTIMAL,-1442.9417196609168,11.6517,0.0032,OPTIMAL,-1442.941715705183,11.6517,0.0037,OPTIMAL,-1292.3594467040612,0.2997
8,n4_rho3_B_LI_QE_NCVX_seed7,4,3.0,RLT_SOC2x2_diag_U,OPTIMAL,-1443.825371001169,11.7201,0.0028,OPTIMAL,-1443.825371006404,11.7201,0.0038,OPTIMAL,-1292.3594467040612,0.2997
8,n4_rho3_B_LI_QE_NCVX_seed7,4,3.0,RLT_SOC2x2_diag_XU,OPTIMAL,-1442.941711257543,11.6517,0.0032,OPTIMAL,-1442.9417213420202,11.6517,0.0038,OPTIMAL,-1292.3594467040612,0.2997
8,n4_rho3_B_LI_QE_NCVX_seed7,4,3.0,RLT_SOC2x2_full_X,OPTIMAL,-1378.1224534297025,6.6362,0.0037,OPTIMAL,-1378.1224477271808,6.6362,0.0038,OPTIMAL,-1292.3594467040612,0.2997
8,n4_rho3_B_LI_QE_NCVX_seed7,4,3.0,RLT_SOC2x2_full_U,OPTIMAL,-1443.8253709903008,11.7201,0.0038,OPTIMAL,-1443.8253709802957,11.7201,0.0034,OPTIMAL,-1292.3594467040612,0.2997
8,n4_rho3_B_LI_QE_NCVX_seed7,4,3.0,RLT_SOC2x2_full_XU,OPTIMAL,-1378.1224531582461,6.6362,0.0072,OPTIMAL,-1378.1224502448292,6.6362,0.0078,OPTIMAL,-1292.3594467040612,0.2997
8,n4_rho3_B_LI_QE_NCVX_seed7,4,3.0,RLT_SOC_directional_X,OPTIMAL,-1372.8691002462288,6.2297,0.0084,OPTIMAL,-1373.5359033697148,6.2813,0.0079,OPTIMAL,-1292.3594467040612,0.2997
8,n4_rho3_B_LI_QE_NCVX_seed7,4,3.0,RLT_SOC_directional_U,OPTIMAL,-1443.825367369131,11.7201,0.004,OPTIMAL,-1443.8253708097227,11.7201,0.0058,OPTIMAL,-1292.3594467040612,0.2997
8,n4_rho3_B_LI_QE_NCVX_seed7,4,3.0,RLT_SOC_directional_XU,OPTIMAL,-1372.869098760661,6.2297,0.0053,OPTIMAL,-1373.5359042877787,6.2813,0.0051,OPTIMAL,-1292.3594467040612,0.2997
8,n4_rho3_B_LI_QE_NCVX_seed7,4,3.0,RLT_SOC_hybrid_X,OPTIMAL,-1365.9183803010797,5.6918,0.004,OPTIMAL,-1366.1231114584007,5.7077,0.0045,OPTIMAL,-1292.3594467040612,0.2997
8,n4_rho3_B_LI_QE_NCVX_seed7,4,3.0,RLT_SOC_hybrid_U,OPTIMAL,-1443.8253594815792,11.7201,0.0033,OPTIMAL,-1443.825363026061,11.7201,0.0044,OPTIMAL,-1292.3594467040612,0.2997
8,n4_rho3_B_LI_QE_NCVX_seed7,4,3.0,RLT_SOC_hybrid_XU,OPTIMAL,-1365.9183780922583,5.6918,0.0047,OPTIMAL,-1366.1231228209617,5.7077,0.0046,OPTIMAL,-1292.3594467040612,0.2997
8,n4_rho3_B_LI_QE_NCVX_seed7,4,3.0,RLT_PSD3x3_X,OPTIMAL,-1348.267468469236,4.326,0.0092,OPTIMAL,-1348.2674682436914,4.326,0.0095,OPTIMAL,-1292.3594467040612,0.2997
8,n4_rho3_B_LI_QE_NCVX_seed7,4,3.0,RLT_PSD3x3_U,OPTIMAL,-1443.8253714623663,11.7201,0.0079,OPTIMAL,-1443.8253743888554,11.7201,0.0083,OPTIMAL,-1292.3594467040612,0.2997
8,n4_rho3_B_LI_QE_NCVX_seed7,4,3.0,RLT_PSD3x3_XU,OPTIMAL,-1348.2674684211138,4.326,0.0114,OPTIMAL,-1348.2674662491727,4.326,0.0127,OPTIMAL,-1292.3594467040612,0.2997
8,n4_rho3_B_LI_QE_NCVX_seed7,4,3.0,RLT_blockSDP_X,OPTIMAL,-1327.2644110509511,2.7009,0.0235,OPTIMAL,-1327.2644208604743,2.7009,0.0132,OPTIMAL,-1292.3594467040612,0.2997
8,n4_rho3_B_LI_QE_NCVX_seed7,4,3.0,RLT_blockSDP_U,OPTIMAL,-1443.825371667282,11.7201,0.009,OPTIMAL,-1443.8253721649628,11.7201,0.0082,OPTIMAL,-1292.3594467040612,0.2997
8,n4_rho3_B_LI_QE_NCVX_seed7,4,3.0,RLT_blockSDP_XU,OPTIMAL,-1327.2644110367273,2.7009,0.015,OPTIMAL,-1327.2644176118436,2.7009,0.0145,OPTIMAL,-1292.3594467040612,0.2997
8,n4_rho3_B_LI_QE_NCVX_seed7,4,3.0,RLT_full_SDP,OPTIMAL,-1292.3594448224214,0.0,0.0097,OPTIMAL,-1292.3594464610017,0.0,0.0134,OPTIMAL,-1292.3594467040612,0.2997
9,n10_rho8_B_LI_LE_QI_QE_NCVX_seed8,10,8.0,RLT,OPTIMAL,-4362.196962907184,220.9462,0.0126,OPTIMAL,-4362.196962041322,220.9462,0.0138,OPTIMAL,-1359.167460726758,0.4876
9,n10_rho8_B_LI_LE_QI_QE_NCVX_seed8,10,8.0,RLT_SOC2x2_diag_X,OPTIMAL,-3949.3387273109947,190.5704,0.0132,OPTIMAL,-3949.3386968972177,190.5704,0.0149,OPTIMAL,-1359.167460726758,0.4876
9,n10_rho8_B_LI_LE_QI_QE_NCVX_seed8,10,8.0,RLT_SOC2x2_diag_U,OPTIMAL,-4362.196882215038,220.9462,0.0109,OPTIMAL,-4362.196962895474,220.9462,0.0143,OPTIMAL,-1359.167460726758,0.4876
9,n10_rho8_B_LI_LE_QI_QE_NCVX_seed8,10,8.0,RLT_SOC2x2_diag_XU,OPTIMAL,-3949.3387208092527,190.5704,0.014,OPTIMAL,-3949.3387267192215,190.5704,0.0136,OPTIMAL,-1359.167460726758,0.4876
9,n10_rho8_B_LI_LE_QI_QE_NCVX_seed8,10,8.0,RLT_SOC2x2_full_X,OPTIMAL,-2806.6745485184897,106.4995,0.0173,OPTIMAL,-2806.6745124146414,106.4995,0.023,OPTIMAL,-1359.167460726758,0.4876
9,n10_rho8_B_LI_LE_QI_QE_NCVX_seed8,10,8.0,RLT_SOC2x2_full_U,OPTIMAL,-4362.196962901159,220.9462,0.0111,OPTIMAL,-4362.196962898057,220.9462,0.0116,OPTIMAL,-1359.167460726758,0.4876
9,n10_rho8_B_LI_LE_QI_QE_NCVX_seed8,10,8.0,RLT_SOC2x2_full_XU,OPTIMAL,-2806.6745189323224,106.4995,0.015,OPTIMAL,-2806.6745453164312,106.4995,0.0153,OPTIMAL,-1359.167460726758,0.4876
9,n10_rho8_B_LI_LE_QI_QE_NCVX_seed8,10,8.0,RLT_SOC_directional_X,OPTIMAL,-2565.479567987672,88.7538,0.015,OPTIMAL,-2566.5686045210427,88.8339,0.0222,OPTIMAL,-1359.167460726758,0.4876
9,n10_rho8_B_LI_LE_QI_QE_NCVX_seed8,10,8.0,RLT_SOC_directional_U,OPTIMAL,-4362.196962901087,220.9462,0.0218,OPTIMAL,-4362.196962896594,220.9462,0.0249,OPTIMAL,-1359.167460726758,0.4876
9,n10_rho8_B_LI_LE_QI_QE_NCVX_seed8,10,8.0,RLT_SOC_directional_XU,OPTIMAL,-2565.4795713026597,88.7538,0.029,OPTIMAL,-2566.5686068284263,88.8339,0.0209,OPTIMAL,-1359.167460726758,0.4876
9,n10_rho8_B_LI_LE_QI_QE_NCVX_seed8,10,8.0,RLT_SOC_hybrid_X,OPTIMAL,-2561.9184045789584,88.4917,0.016,OPTIMAL,-2562.997401803805,88.5711,0.0157,OPTIMAL,-1359.167460726758,0.4876
9,n10_rho8_B_LI_LE_QI_QE_NCVX_seed8,10,8.0,RLT_SOC_hybrid_U,OPTIMAL,-4362.196962902676,220.9462,0.0142,OPTIMAL,-4362.196962897149,220.9462,0.0143,OPTIMAL,-1359.167460726758,0.4876
9,n10_rho8_B_LI_LE_QI_QE_NCVX_seed8,10,8.0,RLT_SOC_hybrid_XU,OPTIMAL,-2561.9184092558844,88.4917,0.0302,OPTIMAL,-2562.997417621738,88.5711,0.0211,OPTIMAL,-1359.167460726758,0.4876
9,n10_rho8_B_LI_LE_QI_QE_NCVX_seed8,10,8.0,RLT_PSD3x3_X,OPTIMAL,-2413.450914780584,77.5683,0.0728,OPTIMAL,-2415.798043773987,77.741,0.1321,OPTIMAL,-1359.167460726758,0.4876
9,n10_rho8_B_LI_LE_QI_QE_NCVX_seed8,10,8.0,RLT_PSD3x3_U,OPTIMAL,-4362.196963087998,220.9462,0.0544,OPTIMAL,-4362.197064223814,220.9463,0.0722,OPTIMAL,-1359.167460726758,0.4876
9,n10_rho8_B_LI_LE_QI_QE_NCVX_seed8,10,8.0,RLT_PSD3x3_XU,OPTIMAL,-2413.4509015505023,77.5683,0.1018,OPTIMAL,-2415.7979794450594,77.741,0.0843,OPTIMAL,-1359.167460726758,0.4876
9,n10_rho8_B_LI_LE_QI_QE_NCVX_seed8,10,8.0,RLT_blockSDP_X,OPTIMAL,-1674.8668248493427,23.2274,0.0479,OPTIMAL,-1674.8668275113075,23.2274,0.0589,OPTIMAL,-1359.167460726758,0.4876
9,n10_rho8_B_LI_LE_QI_QE_NCVX_seed8,10,8.0,RLT_blockSDP_U,OPTIMAL,-4362.196974704629,220.9462,0.0473,OPTIMAL,-4362.197020744512,220.9463,0.0549,OPTIMAL,-1359.167460726758,0.4876
9,n10_rho8_B_LI_LE_QI_QE_NCVX_seed8,10,8.0,RLT_blockSDP_XU,OPTIMAL,-1674.8668455430586,23.2274,0.0554,OPTIMAL,-1674.8668678694376,23.2274,0.0887,OPTIMAL,-1359.167460726758,0.4876
9,n10_rho8_B_LI_LE_QI_QE_NCVX_seed8,10,8.0,RLT_full_SDP,OPTIMAL,-1473.8759339216242,8.4396,0.2626,OPTIMAL,-1491.5989906387172,9.7436,0.4311,OPTIMAL,-1359.167460726758,0.4876
10,n7_rho4_S_LI_LE_CVX_Mx10_seed1,7,4.0,RLT,OPTIMAL,-87.8945202990295,16.7509,0.005,OPTIMAL,-87.89452030058767,16.7509,0.006,OPTIMAL,-75.28377673410895,0.005
10,n7_rho4_S_LI_LE_CVX_Mx10_seed1,7,4.0,RLT_SOC2x2_diag_X,OPTIMAL,-75.283775628506,0.0,0.007,OPTIMAL,-75.28377667791528,0.0,0.0085,OPTIMAL,-75.28377673410895,0.005
10,n7_rho4_S_LI_LE_CVX_Mx10_seed1,7,4.0,RLT_SOC2x2_diag_U,OPTIMAL,-87.89452026237659,16.7509,0.0052,OPTIMAL,-87.89451821973832,16.7509,0.0088,OPTIMAL,-75.28377673410895,0.005
10,n7_rho4_S_LI_LE_CVX_Mx10_seed1,7,4.0,RLT_SOC2x2_diag_XU,OPTIMAL,-75.2837758607779,0.0,0.0116,OPTIMAL,-75.28377669994902,0.0,0.0125,OPTIMAL,-75.28377673410895,0.005
10,n7_rho4_S_LI_LE_CVX_Mx10_seed1,7,4.0,RLT_SOC2x2_full_X,OPTIMAL,-75.28377619506743,0.0,0.0092,OPTIMAL,-75.2837764488235,0.0,0.0088,OPTIMAL,-75.28377673410895,0.005
10,n7_rho4_S_LI_LE_CVX_Mx10_seed1,7,4.0,RLT_SOC2x2_full_U,OPTIMAL,-87.89451905404263,16.7509,0.0075,OPTIMAL,-87.89451806209293,16.7509,0.0093,OPTIMAL,-75.28377673410895,0.005
10,n7_rho4_S_LI_LE_CVX_Mx10_seed1,7,4.0,RLT_SOC2x2_full_XU,OPTIMAL,-75.28377342280065,0.0,0.0065,OPTIMAL,-75.28377536349787,0.0,0.0078,OPTIMAL,-75.28377673410895,0.005
10,n7_rho4_S_LI_LE_CVX_Mx10_seed1,7,4.0,RLT_SOC_directional_X,OPTIMAL,-75.28377468001366,0.0,0.0058,OPTIMAL,-75.2837761327463,0.0,0.0077,OPTIMAL,-75.28377673410895,0.005
10,n7_rho4_S_LI_LE_CVX_Mx10_seed1,7,4.0,RLT_SOC_directional_U,OPTIMAL,-87.89451914511694,16.7509,0.005,OPTIMAL,-87.89451765381277,16.7509,0.0064,OPTIMAL,-75.28377673410895,0.005
10,n7_rho4_S_LI_LE_CVX_Mx10_seed1,7,4.0,RLT_SOC_directional_XU,OPTIMAL,-75.28377373111228,0.0,0.0065,OPTIMAL,-75.28377123895655,0.0,0.0073,OPTIMAL,-75.28377673410895,0.005
10,n7_rho4_S_LI_LE_CVX_Mx10_seed1,7,4.0,RLT_SOC_hybrid_X,OPTIMAL,-75.28375857073178,0.0,0.0359,OPTIMAL,-75.28377132269041,0.0,0.0073,OPTIMAL,-75.28377673410895,0.005
10,n7_rho4_S_LI_LE_CVX_Mx10_seed1,7,4.0,RLT_SOC_hybrid_U,OPTIMAL,-87.89451899636386,16.7509,0.0055,OPTIMAL,-87.89451736611085,16.7509,0.0073,OPTIMAL,-75.28377673410895,0.005
10,n7_rho4_S_LI_LE_CVX_Mx10_seed1,7,4.0,RLT_SOC_hybrid_XU,OPTIMAL,-75.2837762518857,0.0,0.0077,OPTIMAL,-75.28377627100649,0.0,0.0088,OPTIMAL,-75.28377673410895,0.005
10,n7_rho4_S_LI_LE_CVX_Mx10_seed1,7,4.0,RLT_PSD3x3_X,OPTIMAL,-75.28377693933645,0.0,0.0148,OPTIMAL,-75.28377682154452,0.0,0.0196,OPTIMAL,-75.28377673410895,0.005
10,n7_rho4_S_LI_LE_CVX_Mx10_seed1,7,4.0,RLT_PSD3x3_U,OPTIMAL,-87.89452034766508,16.7509,0.0136,OPTIMAL,-87.89452029947145,16.7509,0.0169,OPTIMAL,-75.28377673410895,0.005
10,n7_rho4_S_LI_LE_CVX_Mx10_seed1,7,4.0,RLT_PSD3x3_XU,OPTIMAL,-75.28377855398153,0.0,0.0178,OPTIMAL,-75.2837768619743,0.0,0.0207,OPTIMAL,-75.28377673410895,0.005
10,n7_rho4_S_LI_LE_CVX_Mx10_seed1,7,4.0,RLT_blockSDP_X,OPTIMAL,-75.2837769317824,0.0,0.0118,OPTIMAL,-75.28377676517039,0.0,0.0156,OPTIMAL,-75.28377673410895,0.005
10,n7_rho4_S_LI_LE_CVX_Mx10_seed1,7,4.0,RLT_blockSDP_U,OPTIMAL,-87.89452029952218,16.7509,0.0133,OPTIMAL,-87.89452031106806,16.7509,0.0152,OPTIMAL,-75.28377673410895,0.005
10,n7_rho4_S_LI_LE_CVX_Mx10_seed1,7,4.0,RLT_blockSDP_XU,OPTIMAL,-75.2837770139755,0.0,0.0145,OPTIMAL,-75.28377754084345,0.0,0.0159,OPTIMAL,-75.28377673410895,0.005
10,n7_rho4_S_LI_LE_CVX_Mx10_seed1,7,4.0,RLT_full_SDP,OPTIMAL,-75.283776734268,0.0,0.0272,OPTIMAL,-75.2837770808053,0.0,0.0315,OPTIMAL,-75.28377673410895,0.005
11,n50_rho10_S_LI3_LE_CVX_seed101,50,10.0,RLT,OPTIMAL,-5.1692889010174055,9.9544,0.9005,OPTIMAL,-5.1692889010174055,9.9544,1.1916,OPTIMAL,-4.7013033924663254,0.0052
11,n50_rho10_S_LI3_LE_CVX_seed101,50,10.0,RLT_SOC2x2_diag_X,OPTIMAL,-4.714458488653445,0.2798,1.2784,OPTIMAL,-4.714458485705048,0.2798,1.5754,OPTIMAL,-4.7013033924663254,0.0052
11,n50_rho10_S_LI3_LE_CVX_seed101,50,10.0,RLT_SOC2x2_diag_U,OPTIMAL,-5.169288901021684,9.9544,1.2717,OPTIMAL,-5.169288910152556,9.9544,1.3963,OPTIMAL,-4.7013033924663254,0.0052
11,n50_rho10_S_LI3_LE_CVX_seed101,50,10.0,RLT_SOC2x2_diag_XU,OPTIMAL,-4.714458485819125,0.2798,1.3334,OPTIMAL,-4.714458491732177,0.2798,1.4617,OPTIMAL,-4.7013033924663254,0.0052
11,n50_rho10_S_LI3_LE_CVX_seed101,50,10.0,RLT_SOC2x2_full_X,OPTIMAL,-4.701303391799655,0.0,1.6383,OPTIMAL,-4.701303204383368,0.0,1.9311,OPTIMAL,-4.7013033924663254,0.0052
11,n50_rho10_S_LI3_LE_CVX_seed101,50,10.0,RLT_SOC2x2_full_U,OPTIMAL,-5.169288901017954,9.9544,1.4494,OPTIMAL,-5.169288901880286,9.9544,1.6698,OPTIMAL,-4.7013033924663254,0.0052
11,n50_rho10_S_LI3_LE_CVX_seed101,50,10.0,RLT_SOC2x2_full_XU,OPTIMAL,-4.701303390910589,0.0,2.0686,OPTIMAL,-4.701303387047485,0.0,2.2835,OPTIMAL,-4.7013033924663254,0.0052
11,n50_rho10_S_LI3_LE_CVX_seed101,50,10.0,RLT_SOC_directional_X,OPTIMAL,-4.701303392167853,0.0,1.8049,OPTIMAL,-4.7013033924024334,0.0,1.9171,OPTIMAL,-4.7013033924663254,0.0052
11,n50_rho10_S_LI3_LE_CVX_seed101,50,10.0,RLT_SOC_directional_U,OPTIMAL,-5.169288901010883,9.9544,2.0826,OPTIMAL,-5.169288900998366,9.9544,1.626,OPTIMAL,-4.7013033924663254,0.0052
11,n50_rho10_S_LI3_LE_CVX_seed101,50,10.0,RLT_SOC_directional_XU,OPTIMAL,-4.7013033850513395,0.0,3.3246,OPTIMAL,-4.7013033866178535,0.0,2.539,OPTIMAL,-4.7013033924663254,0.0052
11,n50_rho10_S_LI3_LE_CVX_seed101,50,10.0,RLT_SOC_hybrid_X,OPTIMAL,-4.70130337410731,0.0,1.9829,OPTIMAL,-4.701303386033782,0.0,2.2964,OPTIMAL,-4.7013033924663254,0.0052
11,n50_rho10_S_LI3_LE_CVX_seed101,50,10.0,RLT_SOC_hybrid_U,OPTIMAL,-5.169288900973916,9.9544,2.4239,OPTIMAL,-5.169288728902947,9.9544,1.4288,OPTIMAL,-4.7013033924663254,0.0052
11,n50_rho10_S_LI3_LE_CVX_seed101,50,10.0,RLT_SOC_hybrid_XU,OPTIMAL,-4.7013033913057205,0.0,3.983,OPTIMAL,-4.701303391499788,0.0,4.8674,OPTIMAL,-4.7013033924663254,0.0052
11,n50_rho10_S_LI3_LE_CVX_seed101,50,10.0,RLT_PSD3x3_X,OPTIMAL,-4.701303391419713,0.0,2.102,OPTIMAL,-4.701303386163465,0.0,2.1401,OPTIMAL,-4.7013033924663254,0.0052
11,n50_rho10_S_LI3_LE_CVX_seed101,50,10.0,RLT_PSD3x3_U,OPTIMAL,-5.1692888998055455,9.9544,1.3959,OPTIMAL,-5.16928890099774,9.9544,1.5426,OPTIMAL,-4.7013033924663254,0.0052
11,n50_rho10_S_LI3_LE_CVX_seed101,50,10.0,RLT_PSD3x3_XU,OPTIMAL,-4.701303150820781,0.0,2.9822,OPTIMAL,-4.701303262990198,0.0,3.7288,OPTIMAL,-4.7013033924663254,0.0052
11,n50_rho10_S_LI3_LE_CVX_seed101,50,10.0,RLT_blockSDP_X,OPTIMAL,-4.701303385797584,0.0,2.6099,OPTIMAL,-4.701303382118584,0.0,3.1868,OPTIMAL,-4.7013033924663254,0.0052
11,n50_rho10_S_LI3_LE_CVX_seed101,50,10.0,RLT_blockSDP_U,OPTIMAL,-5.1692889251535785,9.9544,2.8868,OPTIMAL,-5.16928890121623,9.9544,3.6697,OPTIMAL,-4.7013033924663254,0.0052
11,n50_rho10_S_LI3_LE_CVX_seed101,50,10.0,RLT_blockSDP_XU,OPTIMAL,-4.701303376746454,0.0,5.5294,OPTIMAL,-4.7013033810476035,0.0,6.7474,OPTIMAL,-4.7013033924663254,0.0052
11,n50_rho10_S_LI3_LE_CVX_seed101,50,10.0,RLT_full_SDP,OPTIMAL,-4.701303390819776,0.0,152.772,OPTIMAL,-4.701303390665252,0.0,154.5103,OPTIMAL,-4.7013033924663254,0.0052
12,n10_rho4_S_LI_LE_QI1_CVX_seed102,10,4.0,RLT,OPTIMAL,-4.723019390417027,24.8388,0.0166,OPTIMAL,-4.7230194072106,24.8388,0.0145,OPTIMAL,-3.7832941804025007,0.0035
12,n10_rho4_S_LI_LE_QI1_CVX_seed102,10,4.0,RLT_SOC2x2_diag_X,OPTIMAL,-3.7849137925376466,0.0428,0.0154,OPTIMAL,-3.784913744806979,0.0428,0.016,OPTIMAL,-3.7832941804025007,0.0035
12,n10_rho4_S_LI_LE_QI1_CVX_seed102,10,4.0,RLT_SOC2x2_diag_U,OPTIMAL,-4.723019390371224,24.8388,0.0117,OPTIMAL,-4.723019390362411,24.8388,0.013,OPTIMAL,-3.7832941804025007,0.0035
12,n10_rho4_S_LI_LE_QI1_CVX_seed102,10,4.0,RLT_SOC2x2_diag_XU,OPTIMAL,-3.784913791926757,0.0428,0.0148,OPTIMAL,-3.78491377259824,0.0428,0.0152,OPTIMAL,-3.7832941804025007,0.0035
12,n10_rho4_S_LI_LE_QI1_CVX_seed102,10,4.0,RLT_SOC2x2_full_X,OPTIMAL,-3.7832941607032256,0.0,0.0194,OPTIMAL,-3.783294176823596,0.0,0.0147,OPTIMAL,-3.7832941804025007,0.0035
12,n10_rho4_S_LI_LE_QI1_CVX_seed102,10,4.0,RLT_SOC2x2_full_U,OPTIMAL,-4.723019390330951,24.8388,0.0119,OPTIMAL,-4.72301939032705,24.8388,0.0177,OPTIMAL,-3.7832941804025007,0.0035
12,n10_rho4_S_LI_LE_QI1_CVX_seed102,10,4.0,RLT_SOC2x2_full_XU,OPTIMAL,-3.783294153365113,0.0,0.032,OPTIMAL,-3.7832941791252503,0.0,0.0173,OPTIMAL,-3.7832941804025007,0.0035
12,n10_rho4_S_LI_LE_QI1_CVX_seed102,10,4.0,RLT_SOC_directional_X,OPTIMAL,-3.783294171003285,0.0,0.0172,OPTIMAL,-3.7832941574302827,0.0,0.0155,OPTIMAL,-3.7832941804025007,0.0035
12,n10_rho4_S_LI_LE_QI1_CVX_seed102,10,4.0,RLT_SOC_directional_U,OPTIMAL,-4.723019390122277,24.8388,0.0172,OPTIMAL,-4.723019384766656,24.8388,0.0145,OPTIMAL,-3.7832941804025007,0.0035
12,n10_rho4_S_LI_LE_QI1_CVX_seed102,10,4.0,RLT_SOC_directional_XU,OPTIMAL,-3.783294146803935,0.0,0.0239,OPTIMAL,-3.783294174506815,0.0,0.0178,OPTIMAL,-3.7832941804025007,0.0035
12,n10_rho4_S_LI_LE_QI1_CVX_seed102,10,4.0,RLT_SOC_hybrid_X,OPTIMAL,-3.783294134543599,0.0,0.0181,OPTIMAL,-3.78329417266237,0.0,0.0157,OPTIMAL,-3.7832941804025007,0.0035
12,n10_rho4_S_LI_LE_QI1_CVX_seed102,10,4.0,RLT_SOC_hybrid_U,OPTIMAL,-4.72301939007378,24.8388,0.0158,OPTIMAL,-4.7230193637041005,24.8388,0.0159,OPTIMAL,-3.7832941804025007,0.0035
12,n10_rho4_S_LI_LE_QI1_CVX_seed102,10,4.0,RLT_SOC_hybrid_XU,OPTIMAL,-3.7832941453743203,0.0,0.0214,OPTIMAL,-3.783294175045747,0.0,0.0211,OPTIMAL,-3.7832941804025007,0.0035
12,n10_rho4_S_LI_LE_QI1_CVX_seed102,10,4.0,RLT_PSD3x3_X,OPTIMAL,-3.783294086434899,0.0,0.0253,OPTIMAL,-3.7832941626909924,0.0,0.0269,OPTIMAL,-3.7832941804025007,0.0035
12,n10_rho4_S_LI_LE_QI1_CVX_seed102,10,4.0,RLT_PSD3x3_U,OPTIMAL,-4.723019411037058,24.8388,0.0218,OPTIMAL,-4.7230194096218465,24.8388,0.0244,OPTIMAL,-3.7832941804025007,0.0035
12,n10_rho4_S_LI_LE_QI1_CVX_seed102,10,4.0,RLT_PSD3x3_XU,OPTIMAL,-3.7832941308903174,0.0,0.0347,OPTIMAL,-3.783294175788688,0.0,0.0373,OPTIMAL,-3.7832941804025007,0.0035
12,n10_rho4_S_LI_LE_QI1_CVX_seed102,10,4.0,RLT_blockSDP_X,OPTIMAL,-3.7832941962912168,0.0,0.0222,OPTIMAL,-3.783294240660606,0.0,0.0246,OPTIMAL,-3.7832941804025007,0.0035
12,n10_rho4_S_LI_LE_QI1_CVX_seed102,10,4.0,RLT_blockSDP_U,OPTIMAL,-4.723019447164699,24.8388,0.0202,OPTIMAL,-4.723019393812933,24.8388,0.0246,OPTIMAL,-3.7832941804025007,0.0035
12,n10_rho4_S_LI_LE_QI1_CVX_seed102,10,4.0,RLT_blockSDP_XU,OPTIMAL,-3.7832941855461404,0.0,0.0288,OPTIMAL,-3.783294194227249,0.0,0.0331,OPTIMAL,-3.7832941804025007,0.0035
12,n10_rho4_S_LI_LE_QI1_CVX_seed102,10,4.0,RLT_full_SDP,OPTIMAL,-3.7832941804181885,0.0,0.0787,OPTIMAL,-3.7832941554754096,0.0,0.0981,OPTIMAL,-3.7832941804025007,0.0035
13,n8_rho3_B_LI2_CVX_seed103,8,3.0,RLT,OPTIMAL,-35.43380449776062,260.7727,0.0138,OPTIMAL,-35.43380449773224,260.7727,0.0133,OPTIMAL,-9.82164249974318,0.0067
13,n8_rho3_B_LI2_CVX_seed103,8,3.0,RLT_SOC2x2_diag_X,OPTIMAL,-15.724290715118933,60.0984,0.0143,OPTIMAL,-15.72428283110722,60.0983,0.0138,OPTIMAL,-9.82164249974318,0.0067
13,n8_rho3_B_LI2_CVX_seed103,8,3.0,RLT_SOC2x2_diag_U,OPTIMAL,-35.43379562602369,260.7726,0.017,OPTIMAL,-35.4337977096682,260.7726,0.0177,OPTIMAL,-9.82164249974318,0.0067
13,n8_rho3_B_LI2_CVX_seed103,8,3.0,RLT_SOC2x2_diag_XU,OPTIMAL,-15.724290489378625,60.0984,0.0149,OPTIMAL,-15.72428792707118,60.0984,0.0156,OPTIMAL,-9.82164249974318,0.0067
13,n8_rho3_B_LI2_CVX_seed103,8,3.0,RLT_SOC2x2_full_X,OPTIMAL,-12.27820380755405,25.0117,0.0169,OPTIMAL,-12.278215095647823,25.0118,0.0247,OPTIMAL,-9.82164249974318,0.0067
13,n8_rho3_B_LI2_CVX_seed103,8,3.0,RLT_SOC2x2_full_U,OPTIMAL,-35.4337742987951,260.7724,0.0234,OPTIMAL,-35.43379826064857,260.7726,0.0188,OPTIMAL,-9.82164249974318,0.0067
13,n8_rho3_B_LI2_CVX_seed103,8,3.0,RLT_SOC2x2_full_XU,OPTIMAL,-12.278215996274328,25.0118,0.0205,OPTIMAL,-12.278204385765157,25.0117,0.0194,OPTIMAL,-9.82164249974318,0.0067
13,n8_rho3_B_LI2_CVX_seed103,8,3.0,RLT_SOC_directional_X,OPTIMAL,-10.59445392322398,7.8685,0.0181,OPTIMAL,-10.594453999533316,7.8685,0.0194,OPTIMAL,-9.82164249974318,0.0067
13,n8_rho3_B_LI2_CVX_seed103,8,3.0,RLT_SOC_directional_U,OPTIMAL,-35.43377669588442,260.7724,0.0209,OPTIMAL,-35.433797692850064,260.7726,0.0217,OPTIMAL,-9.82164249974318,0.0067
13,n8_rho3_B_LI2_CVX_seed103,8,3.0,RLT_SOC_directional_XU,OPTIMAL,-10.594453806310026,7.8685,0.0285,OPTIMAL,-10.594454153980239,7.8685,0.0285,OPTIMAL,-9.82164249974318,0.0067
13,n8_rho3_B_LI2_CVX_seed103,8,3.0,RLT_SOC_hybrid_X,OPTIMAL,-10.586889042451055,7.7914,0.0265,OPTIMAL,-10.58689031691967,7.7914,0.0197,OPTIMAL,-9.82164249974318,0.0067
13,n8_rho3_B_LI2_CVX_seed103,8,3.0,RLT_SOC_hybrid_U,OPTIMAL,-35.433792960585436,260.7726,0.0214,OPTIMAL,-35.43379573339319,260.7726,0.0235,OPTIMAL,-9.82164249974318,0.0067
13,n8_rho3_B_LI2_CVX_seed103,8,3.0,RLT_SOC_hybrid_XU,OPTIMAL,-10.58689042674916,7.7914,0.0269,OPTIMAL,-10.586889152531642,7.7914,0.0239,OPTIMAL,-9.82164249974318,0.0067
13,n8_rho3_B_LI2_CVX_seed103,8,3.0,RLT_PSD3x3_X,OPTIMAL,-10.581707257275125,7.7387,0.054,OPTIMAL,-10.581706488022542,7.7387,0.0617,OPTIMAL,-9.82164249974318,0.0067
13,n8_rho3_B_LI2_CVX_seed103,8,3.0,RLT_PSD3x3_U,OPTIMAL,-35.43380471987632,260.7727,0.078,OPTIMAL,-35.433804935606695,260.7727,0.0584,OPTIMAL,-9.82164249974318,0.0067
13,n8_rho3_B_LI2_CVX_seed103,8,3.0,RLT_PSD3x3_XU,OPTIMAL,-10.581707568971353,7.7387,0.0704,OPTIMAL,-10.58170758136795,7.7387,0.0712,OPTIMAL,-9.82164249974318,0.0067
13,n8_rho3_B_LI2_CVX_seed103,8,3.0,RLT_blockSDP_X,OPTIMAL,-10.581707278324508,7.7387,0.0543,OPTIMAL,-10.581706601342225,7.7387,0.0568,OPTIMAL,-9.82164249974318,0.0067
13,n8_rho3_B_LI2_CVX_seed103,8,3.0,RLT_blockSDP_U,OPTIMAL,-35.43380450426196,260.7727,0.071,OPTIMAL,-35.43380515864728,260.7727,0.0904,OPTIMAL,-9.82164249974318,0.0067
13,n8_rho3_B_LI2_CVX_seed103,8,3.0,RLT_blockSDP_XU,OPTIMAL,-10.581707356105065,7.7387,0.0814,OPTIMAL,-10.581707138861558,7.7387,0.0659,OPTIMAL,-9.82164249974318,0.0067
13,n8_rho3_B_LI2_CVX_seed103,8,3.0,RLT_full_SDP,OPTIMAL,-9.821642427175142,0.0,0.0847,OPTIMAL,-9.821641644323915,0.0,0.0755,OPTIMAL,-9.82164249974318,0.0067
14,n8_rho3_B_LI2_LE2_CVX_seed104,8,3.0,RLT,OPTIMAL,-10.955118982894795,440.0798,0.0144,OPTIMAL,-10.95511898268035,440.0798,0.0159,OPTIMAL,-2.028426026277974,0.0066
14,n8_rho3_B_LI2_LE2_CVX_seed104,8,3.0,RLT_SOC2x2_diag_X,OPTIMAL,-3.1440208923090838,54.9981,0.0144,OPTIMAL,-3.144020306145124,54.998,0.0169,OPTIMAL,-2.028426026277974,0.0066
14,n8_rho3_B_LI2_LE2_CVX_seed104,8,3.0,RLT_SOC2x2_diag_U,OPTIMAL,-10.955092370388623,440.0785,0.0131,OPTIMAL,-10.955118633625158,440.0798,0.0158,OPTIMAL,-2.028426026277974,0.0066
14,n8_rho3_B_LI2_LE2_CVX_seed104,8,3.0,RLT_SOC2x2_diag_XU,OPTIMAL,-3.14401864961734,54.9979,0.0147,OPTIMAL,-3.144011110836558,54.9976,0.0177,OPTIMAL,-2.028426026277974,0.0066
14,n8_rho3_B_LI2_LE2_CVX_seed104,8,3.0,RLT_SOC2x2_full_X,OPTIMAL,-2.9658162650580886,46.2127,0.0329,OPTIMAL,-2.965815370112363,46.2126,0.0204,OPTIMAL,-2.028426026277974,0.0066
14,n8_rho3_B_LI2_LE2_CVX_seed104,8,3.0,RLT_SOC2x2_full_U,OPTIMAL,-10.955113555658704,440.0795,0.0142,OPTIMAL,-10.955116040946479,440.0796,0.0171,OPTIMAL,-2.028426026277974,0.0066
14,n8_rho3_B_LI2_LE2_CVX_seed104,8,3.0,RLT_SOC2x2_full_XU,OPTIMAL,-2.965813033676376,46.2125,0.0174,OPTIMAL,-2.9658149437617496,46.2126,0.0217,OPTIMAL,-2.028426026277974,0.0066
14,n8_rho3_B_LI2_LE2_CVX_seed104,8,3.0,RLT_SOC_directional_X,OPTIMAL,-2.679356418638318,32.0904,0.0183,OPTIMAL,-2.6793528808001428,32.0902,0.0209,OPTIMAL,-2.028426026277974,0.0066
14,n8_rho3_B_LI2_LE2_CVX_seed104,8,3.0,RLT_SOC_directional_U,OPTIMAL,-10.95511443768229,440.0796,0.016,OPTIMAL,-10.955118930495075,440.0798,0.0179,OPTIMAL,-2.028426026277974,0.0066
14,n8_rho3_B_LI2_LE2_CVX_seed104,8,3.0,RLT_SOC_directional_XU,OPTIMAL,-2.67935641365694,32.0904,0.0211,OPTIMAL,-2.6793562816308594,32.0904,0.0231,OPTIMAL,-2.028426026277974,0.0066
14,n8_rho3_B_LI2_LE2_CVX_seed104,8,3.0,RLT_SOC_hybrid_X,OPTIMAL,-2.6705323393324623,31.6554,0.0194,OPTIMAL,-2.6705321885114017,31.6554,0.0208,OPTIMAL,-2.028426026277974,0.0066
14,n8_rho3_B_LI2_LE2_CVX_seed104,8,3.0,RLT_SOC_hybrid_U,OPTIMAL,-10.955118958327748,440.0798,0.0163,OPTIMAL,-10.955113479841492,440.0795,0.0186,OPTIMAL,-2.028426026277974,0.0066
14,n8_rho3_B_LI2_LE2_CVX_seed104,8,3.0,RLT_SOC_hybrid_XU,OPTIMAL,-2.670532262963958,31.6554,0.0328,OPTIMAL,-2.670532453655171,31.6554,0.0261,OPTIMAL,-2.028426026277974,0.0066
14,n8_rho3_B_LI2_LE2_CVX_seed104,8,3.0,RLT_PSD3x3_X,OPTIMAL,-2.5201966396943796,24.244,0.0747,OPTIMAL,-2.5201968993648616,24.244,0.0738,OPTIMAL,-2.028426026277974,0.0066
14,n8_rho3_B_LI2_LE2_CVX_seed104,8,3.0,RLT_PSD3x3_U,OPTIMAL,-10.955118991547575,440.0798,0.0734,OPTIMAL,-10.95511898984321,440.0798,0.0655,OPTIMAL,-2.028426026277974,0.0066
14,n8_rho3_B_LI2_LE2_CVX_seed104,8,3.0,RLT_PSD3x3_XU,OPTIMAL,-2.52019708607757,24.244,0.0849,OPTIMAL,-2.520197756486369,24.244,0.1005,OPTIMAL,-2.028426026277974,0.0066
14,n8_rho3_B_LI2_LE2_CVX_seed104,8,3.0,RLT_blockSDP_X,OPTIMAL,-2.470817630726885,21.8096,0.0704,OPTIMAL,-2.4708174178641773,21.8096,0.0776,OPTIMAL,-2.028426026277974,0.0066
14,n8_rho3_B_LI2_LE2_CVX_seed104,8,3.0,RLT_blockSDP_U,OPTIMAL,-10.955119571560132,440.0798,0.0577,OPTIMAL,-10.955118983592676,440.0798,0.0916,OPTIMAL,-2.028426026277974,0.0066
14,n8_rho3_B_LI2_LE2_CVX_seed104,8,3.0,RLT_blockSDP_XU,OPTIMAL,-2.4708180970043228,21.8096,0.0671,OPTIMAL,-2.470817846658251,21.8096,0.0683,OPTIMAL,-2.028426026277974,0.0066
14,n8_rho3_B_LI2_LE2_CVX_seed104,8,3.0,RLT_full_SDP,OPTIMAL,-2.0284260262747633,0.0,0.091,OPTIMAL,-2.0284260263021183,0.0,0.0852,OPTIMAL,-2.028426026277974,0.0066
15,n8_rho3_B_LI_NCVX_seed105,8,3.0,RLT,OPTIMAL,-7.31743447633557,58.2579,0.012,OPTIMAL,-7.31743447633606,58.2579,0.0118,OPTIMAL,-4.623739374398992,0.0494
15,n8_rho3_B_LI_NCVX_seed105,8,3.0,RLT_SOC2x2_diag_X,OPTIMAL,-5.119007428295883,10.7114,0.0103,OPTIMAL,-5.119014473894177,10.7116,0.0163,OPTIMAL,-4.623739374398992,0.0494
15,n8_rho3_B_LI_NCVX_seed105,8,3.0,RLT_SOC2x2_diag_U,OPTIMAL,-7.317433266193234,58.2579,0.012,OPTIMAL,-7.31743402504755,58.2579,0.0174,OPTIMAL,-4.623739374398992,0.0494
15,n8_rho3_B_LI_NCVX_seed105,8,3.0,RLT_SOC2x2_diag_XU,OPTIMAL,-5.119009861486818,10.7115,0.0161,OPTIMAL,-5.119014371797173,10.7116,0.0145,OPTIMAL,-4.623739374398992,0.0494
15,n8_rho3_B_LI_NCVX_seed105,8,3.0,RLT_SOC2x2_full_X,OPTIMAL,-4.80238756555159,3.8637,0.0136,OPTIMAL,-4.8023871241873115,3.8637,0.0127,OPTIMAL,-4.623739374398992,0.0494
15,n8_rho3_B_LI_NCVX_seed105,8,3.0,RLT_SOC2x2_full_U,OPTIMAL,-7.317432901888811,58.2579,0.0112,OPTIMAL,-7.317434192875126,58.2579,0.0124,OPTIMAL,-4.623739374398992,0.0494
15,n8_rho3_B_LI_NCVX_seed105,8,3.0,RLT_SOC2x2_full_XU,OPTIMAL,-4.802387270535709,3.8637,0.0148,OPTIMAL,-4.802387024399524,3.8637,0.0147,OPTIMAL,-4.623739374398992,0.0494
15,n8_rho3_B_LI_NCVX_seed105,8,3.0,RLT_SOC_directional_X,OPTIMAL,-4.716733670026041,2.0112,0.0147,OPTIMAL,-4.716732984226129,2.0112,0.0146,OPTIMAL,-4.623739374398992,0.0494
15,n8_rho3_B_LI_NCVX_seed105,8,3.0,RLT_SOC_directional_U,OPTIMAL,-7.317434171091971,58.2579,0.0121,OPTIMAL,-7.3174341911872665,58.2579,0.0133,OPTIMAL,-4.623739374398992,0.0494
15,n8_rho3_B_LI_NCVX_seed105,8,3.0,RLT_SOC_directional_XU,OPTIMAL,-4.716735295931024,2.0113,0.0166,OPTIMAL,-4.716735521539866,2.0113,0.0169,OPTIMAL,-4.623739374398992,0.0494
15,n8_rho3_B_LI_NCVX_seed105,8,3.0,RLT_SOC_hybrid_X,OPTIMAL,-4.716734417006046,2.0113,0.0162,OPTIMAL,-4.716733996782034,2.0112,0.0172,OPTIMAL,-4.623739374398992,0.0494
15,n8_rho3_B_LI_NCVX_seed105,8,3.0,RLT_SOC_hybrid_U,OPTIMAL,-7.317433964452671,58.2579,0.0129,OPTIMAL,-7.317434232571009,58.2579,0.0152,OPTIMAL,-4.623739374398992,0.0494
15,n8_rho3_B_LI_NCVX_seed105,8,3.0,RLT_SOC_hybrid_XU,OPTIMAL,-4.716735535305203,2.0113,0.0198,OPTIMAL,-4.7167355079320865,2.0113,0.0198,OPTIMAL,-4.623739374398992,0.0494
15,n8_rho3_B_LI_NCVX_seed105,8,3.0,RLT_PSD3x3_X,OPTIMAL,-4.623794781031593,0.0012,0.0511,OPTIMAL,-4.623794204460893,0.0012,0.0464,OPTIMAL,-4.623739374398992,0.0494
15,n8_rho3_B_LI_NCVX_seed105,8,3.0,RLT_PSD3x3_U,OPTIMAL,-7.317434469424682,58.2579,0.0415,OPTIMAL,-7.317434696724995,58.2579,0.0442,OPTIMAL,-4.623739374398992,0.0494
15,n8_rho3_B_LI_NCVX_seed105,8,3.0,RLT_PSD3x3_XU,OPTIMAL,-4.623794770566903,0.0012,0.0772,OPTIMAL,-4.62379412336176,0.0012,0.0938,OPTIMAL,-4.623739374398992,0.0494
15,n8_rho3_B_LI_NCVX_seed105,8,3.0,RLT_blockSDP_X,OPTIMAL,-4.623738005542151,0.0,0.0488,OPTIMAL,-4.623739221387998,0.0,0.0601,OPTIMAL,-4.623739374398992,0.0494
15,n8_rho3_B_LI_NCVX_seed105,8,3.0,RLT_blockSDP_U,OPTIMAL,-7.317434451202164,58.2579,0.0404,OPTIMAL,-7.317434764878805,58.2579,0.0379,OPTIMAL,-4.623739374398992,0.0494
15,n8_rho3_B_LI_NCVX_seed105,8,3.0,RLT_blockSDP_XU,OPTIMAL,-4.623739224948455,0.0,0.0456,OPTIMAL,-4.623739184732998,0.0,0.0499,OPTIMAL,-4.623739374398992,0.0494
15,n8_rho3_B_LI_NCVX_seed105,8,3.0,RLT_full_SDP,OPTIMAL,-4.623739226778666,0.0,0.0563,OPTIMAL,-4.623739362390483,0.0,0.0925,OPTIMAL,-4.623739374398992,0.0494
16,n6_rho4_P_LI2_CVX_seed106,6,4.0,RLT,OPTIMAL,-1893.3593922807731,25725.439,0.0127,OPTIMAL,-1896.7182973811205,25771.2545,0.0235,OPTIMAL,-7.33137349174609,0.0097
16,n6_rho4_P_LI2_CVX_seed106,6,4.0,RLT_SOC2x2_diag_X,OPTIMAL,-59.143459827775104,706.7173,0.0112,OPTIMAL,-59.14345227088138,706.7172,0.0088,OPTIMAL,-7.33137349174609,0.0097
16,n6_rho4_P_LI2_CVX_seed106,6,4.0,RLT_SOC2x2_diag_U,OPTIMAL,-1893.3593895249692,25725.439,0.0095,OPTIMAL,-1896.718285411487,25771.2544,0.0087,OPTIMAL,-7.33137349174609,0.0097
16,n6_rho4_P_LI2_CVX_seed106,6,4.0,RLT_SOC2x2_diag_XU,OPTIMAL,-59.14345996065123,706.7173,0.0089,OPTIMAL,-59.14345979005077,706.7173,0.0086,OPTIMAL,-7.33137349174609,0.0097
16,n6_rho4_P_LI2_CVX_seed106,6,4.0,RLT_SOC2x2_full_X,OPTIMAL,-10.253709170080644,39.8607,0.0105,OPTIMAL,-10.253711190921624,39.8607,0.0097,OPTIMAL,-7.33137349174609,0.0097
16,n6_rho4_P_LI2_CVX_seed106,6,4.0,RLT_SOC2x2_full_U,OPTIMAL,-1893.3593822781636,25725.4389,0.0098,OPTIMAL,-1896.7182846640217,25771.2544,0.0094,OPTIMAL,-7.33137349174609,0.0097
16,n6_rho4_P_LI2_CVX_seed106,6,4.0,RLT_SOC2x2_full_XU,OPTIMAL,-10.253711156169082,39.8607,0.0107,OPTIMAL,-10.253711090408892,39.8607,0.0097,OPTIMAL,-7.33137349174609,0.0097
16,n6_rho4_P_LI2_CVX_seed106,6,4.0,RLT_SOC_directional_X,OPTIMAL,-8.349839571207369,13.8919,0.0273,OPTIMAL,-8.349830821091665,13.8918,0.0094,OPTIMAL,-7.33137349174609,0.0097
16,n6_rho4_P_LI2_CVX_seed106,6,4.0,RLT_SOC_directional_U,OPTIMAL,-1893.3593892678825,25725.439,0.0105,OPTIMAL,-1896.7182871044547,25771.2544,0.0098,OPTIMAL,-7.33137349174609,0.0097
16,n6_rho4_P_LI2_CVX_seed106,6,4.0,RLT_SOC_directional_XU,OPTIMAL,-8.34983556192218,13.8918,0.0113,OPTIMAL,-8.349840961234673,13.8919,0.0103,OPTIMAL,-7.33137349174609,0.0097
16,n6_rho4_P_LI2_CVX_seed106,6,4.0,RLT_SOC_hybrid_X,OPTIMAL,-8.349838491624496,13.8919,0.0107,OPTIMAL,-8.349832127336924,13.8918,0.0098,OPTIMAL,-7.33137349174609,0.0097
16,n6_rho4_P_LI2_CVX_seed106,6,4.0,RLT_SOC_hybrid_U,OPTIMAL,-1893.3593823348335,25725.4389,0.0112,OPTIMAL,-1896.7182714307119,25771.2542,0.0106,OPTIMAL,-7.33137349174609,0.0097
16,n6_rho4_P_LI2_CVX_seed106,6,4.0,RLT_SOC_hybrid_XU,OPTIMAL,-8.34983909046855,13.8919,0.0126,OPTIMAL,-8.3498419569138,13.8919,0.0117,OPTIMAL,-7.33137349174609,0.0097
16,n6_rho4_P_LI2_CVX_seed106,6,4.0,RLT_PSD3x3_X,OPTIMAL,-8.349842330607437,13.8919,0.0233,OPTIMAL,-8.349842294592271,13.8919,0.0254,OPTIMAL,-7.33137349174609,0.0097
16,n6_rho4_P_LI2_CVX_seed106,6,4.0,RLT_PSD3x3_U,OPTIMAL,-1893.3593919990283,25725.439,0.0379,OPTIMAL,-1896.7182972469675,25771.2545,0.0284,OPTIMAL,-7.33137349174609,0.0097
16,n6_rho4_P_LI2_CVX_seed106,6,4.0,RLT_PSD3x3_XU,OPTIMAL,-8.349842228068177,13.8919,0.0252,OPTIMAL,-8.349842461333711,13.8919,0.0301,OPTIMAL,-7.33137349174609,0.0097
16,n6_rho4_P_LI2_CVX_seed106,6,4.0,RLT_blockSDP_X,OPTIMAL,-8.349842468314694,13.8919,0.026,OPTIMAL,-8.349842547577062,13.8919,0.0302,OPTIMAL,-7.33137349174609,0.0097
16,n6_rho4_P_LI2_CVX_seed106,6,4.0,RLT_blockSDP_U,OPTIMAL,-1893.3593919989235,25725.439,0.0385,OPTIMAL,-1896.7182972483324,25771.2545,0.0361,OPTIMAL,-7.33137349174609,0.0097
16,n6_rho4_P_LI2_CVX_seed106,6,4.0,RLT_blockSDP_XU,OPTIMAL,-8.349842522380435,13.8919,0.051,OPTIMAL,-8.34984254506971,13.8919,0.0249,OPTIMAL,-7.33137349174609,0.0097
16,n6_rho4_P_LI2_CVX_seed106,6,4.0,RLT_full_SDP,OPTIMAL,-7.331373483072081,0.0,0.0351,OPTIMAL,-7.331373466767348,0.0,0.0442,OPTIMAL,-7.33137349174609,0.0097
17,n6_rho4_P_LI2_QI1_NCVX_seed107,6,4.0,RLT,OPTIMAL,-631.1854586138347,168.0883,0.0209,OPTIMAL,-632.1655331807849,168.5046,0.0142,OPTIMAL,-235.43937720259743,0.0876
17,n6_rho4_P_LI2_QI1_NCVX_seed107,6,4.0,RLT_SOC2x2_diag_X,OPTIMAL,-311.0458271536191,32.1129,0.0103,OPTIMAL,-311.56355183423517,32.3328,0.0103,OPTIMAL,-235.43937720259743,0.0876
17,n6_rho4_P_LI2_QI1_NCVX_seed107,6,4.0,RLT_SOC2x2_diag_U,OPTIMAL,-631.185414522162,168.0883,0.01,OPTIMAL,-632.1654451718023,168.5046,0.0098,OPTIMAL,-235.43937720259743,0.0876
17,n6_rho4_P_LI2_QI1_NCVX_seed107,6,4.0,RLT_SOC2x2_diag_XU,OPTIMAL,-311.0458394789624,32.1129,0.0111,OPTIMAL,-311.5635374834415,32.3328,0.0103,OPTIMAL,-235.43937720259743,0.0876
17,n6_rho4_P_LI2_QI1_NCVX_seed107,6,4.0,RLT_SOC2x2_full_X,OPTIMAL,-297.260600862341,26.2578,0.0103,OPTIMAL,-298.404771767342,26.7438,0.0101,OPTIMAL,-235.43937720259743,0.0876
17,n6_rho4_P_LI2_QI1_NCVX_seed107,6,4.0,RLT_SOC2x2_full_U,OPTIMAL,-631.1854375734588,168.0883,0.0105,OPTIMAL,-632.165533063588,168.5046,0.0109,OPTIMAL,-235.43937720259743,0.0876
17,n6_rho4_P_LI2_QI1_NCVX_seed107,6,4.0,RLT_SOC2x2_full_XU,OPTIMAL,-297.2605964881691,26.2578,0.0107,OPTIMAL,-298.4047745645541,26.7438,0.0108,OPTIMAL,-235.43937720259743,0.0876
17,n6_rho4_P_LI2_QI1_NCVX_seed107,6,4.0,RLT_SOC_directional_X,OPTIMAL,-298.300858051437,26.6996,0.0141,OPTIMAL,-299.61989101622555,27.2599,0.0196,OPTIMAL,-235.43937720259743,0.0876
17,n6_rho4_P_LI2_QI1_NCVX_seed107,6,4.0,RLT_SOC_directional_U,OPTIMAL,-631.185440469793,168.0883,0.0128,OPTIMAL,-632.1654498834989,168.5046,0.0115,OPTIMAL,-235.43937720259743,0.0876
17,n6_rho4_P_LI2_QI1_NCVX_seed107,6,4.0,RLT_SOC_directional_XU,OPTIMAL,-298.3008606250485,26.6996,0.0122,OPTIMAL,-299.61989097102065,27.2599,0.0126,OPTIMAL,-235.43937720259743,0.0876
17,n6_rho4_P_LI2_QI1_NCVX_seed107,6,4.0,RLT_SOC_hybrid_X,OPTIMAL,-296.5212716242328,25.9438,0.0129,OPTIMAL,-297.7873839709979,26.4816,0.0112,OPTIMAL,-235.43937720259743,0.0876
17,n6_rho4_P_LI2_QI1_NCVX_seed107,6,4.0,RLT_SOC_hybrid_U,OPTIMAL,-631.1854155726426,168.0883,0.0127,OPTIMAL,-632.1654422837253,168.5046,0.0162,OPTIMAL,-235.43937720259743,0.0876
17,n6_rho4_P_LI2_QI1_NCVX_seed107,6,4.0,RLT_SOC_hybrid_XU,OPTIMAL,-296.521258400118,25.9438,0.0153,OPTIMAL,-297.78738251537806,26.4816,0.0138,OPTIMAL,-235.43937720259743,0.0876
17,n6_rho4_P_LI2_QI1_NCVX_seed107,6,4.0,RLT_PSD3x3_X,OPTIMAL,-293.75241920809054,24.7678,0.0399,OPTIMAL,-295.63822942736954,25.5687,0.0406,OPTIMAL,-235.43937720259743,0.0876
17,n6_rho4_P_LI2_QI1_NCVX_seed107,6,4.0,RLT_PSD3x3_U,SLOW_PROGRESS,,,0.063,OPTIMAL,-632.1655331811094,168.5046,0.0514,OPTIMAL,-235.43937720259743,0.0876
17,n6_rho4_P_LI2_QI1_NCVX_seed107,6,4.0,RLT_PSD3x3_XU,OPTIMAL,-293.75241911117826,24.7678,0.0354,OPTIMAL,-295.6382290925801,25.5687,0.0461,OPTIMAL,-235.43937720259743,0.0876
17,n6_rho4_P_LI2_QI1_NCVX_seed107,6,4.0,RLT_blockSDP_X,OPTIMAL,-293.3421704537962,24.5935,0.0435,OPTIMAL,-295.26915584981066,25.412,0.0343,OPTIMAL,-235.43937720259743,0.0876
17,n6_rho4_P_LI2_QI1_NCVX_seed107,6,4.0,RLT_blockSDP_U,SLOW_PROGRESS,,,0.0751,OPTIMAL,-632.1655331843494,168.5046,0.0367,OPTIMAL,-235.43937720259743,0.0876
17,n6_rho4_P_LI2_QI1_NCVX_seed107,6,4.0,RLT_blockSDP_XU,OPTIMAL,-293.34217094676444,24.5935,0.0364,OPTIMAL,-295.2691555201358,25.412,0.047,OPTIMAL,-235.43937720259743,0.0876
17,n6_rho4_P_LI2_QI1_NCVX_seed107,6,4.0,RLT_full_SDP,OPTIMAL,-242.08657893449106,2.8233,0.0417,OPTIMAL,-244.68350646270548,3.9263,0.0379,OPTIMAL,-235.43937720259743,0.0876
18,n6_rho4_P_LI1_LE1_QE1_NCVX_seed108,6,4.0,RLT,OPTIMAL,-3853.799737819864,54377.2097,0.0089,OPTIMAL,-3855.0632767665256,54395.071,0.0062,OPTIMAL,-7.074150386759984,0.1064
18,n6_rho4_P_LI1_LE1_QE1_NCVX_seed108,6,4.0,RLT_SOC2x2_diag_X,OPTIMAL,-155.82561178141003,2102.7467,0.0071,OPTIMAL,-155.82560448514025,2102.7466,0.0067,OPTIMAL,-7.074150386759984,0.1064
18,n6_rho4_P_LI1_LE1_QE1_NCVX_seed108,6,4.0,RLT_SOC2x2_diag_U,OPTIMAL,-3853.7997378140562,54377.2097,0.0064,OPTIMAL,-3855.0632717191565,54395.0709,0.0095,OPTIMAL,-7.074150386759984,0.1064
18,n6_rho4_P_LI1_LE1_QE1_NCVX_seed108,6,4.0,RLT_SOC2x2_diag_XU,OPTIMAL,-155.82561075206047,2102.7467,0.0104,OPTIMAL,-155.82560720777462,2102.7466,0.0074,OPTIMAL,-7.074150386759984,0.1064
18,n6_rho4_P_LI1_LE1_QE1_NCVX_seed108,6,4.0,RLT_SOC2x2_full_X,OPTIMAL,-9.294388745258589,31.3852,0.0093,OPTIMAL,-9.294388944532395,31.3852,0.0127,OPTIMAL,-7.074150386759984,0.1064
18,n6_rho4_P_LI1_LE1_QE1_NCVX_seed108,6,4.0,RLT_SOC2x2_full_U,OPTIMAL,-3853.7997378198397,54377.2097,0.0153,OPTIMAL,-3855.0632738808845,54395.071,0.0285,OPTIMAL,-7.074150386759984,0.1064
18,n6_rho4_P_LI1_LE1_QE1_NCVX_seed108,6,4.0,RLT_SOC2x2_full_XU,OPTIMAL,-9.294388070034046,31.3852,0.0264,OPTIMAL,-9.29438798478175,31.3852,0.0134,OPTIMAL,-7.074150386759984,0.1064
18,n6_rho4_P_LI1_LE1_QE1_NCVX_seed108,6,4.0,RLT_SOC_directional_X,OPTIMAL,-8.174326275352442,15.5521,0.0159,OPTIMAL,-8.174322056259888,15.552,0.008,OPTIMAL,-7.074150386759984,0.1064
18,n6_rho4_P_LI1_LE1_QE1_NCVX_seed108,6,4.0,RLT_SOC_directional_U,OPTIMAL,-3853.7997348755043,54377.2096,0.0128,OPTIMAL,-3855.063272093101,54395.0709,0.0139,OPTIMAL,-7.074150386759984,0.1064
18,n6_rho4_P_LI1_LE1_QE1_NCVX_seed108,6,4.0,RLT_SOC_directional_XU,OPTIMAL,-8.17432527641913,15.552,0.0087,OPTIMAL,-8.17432665049058,15.5521,0.0083,OPTIMAL,-7.074150386759984,0.1064
18,n6_rho4_P_LI1_LE1_QE1_NCVX_seed108,6,4.0,RLT_SOC_hybrid_X,OPTIMAL,-8.174326063698544,15.5521,0.0091,OPTIMAL,-8.174325714551944,15.552,0.0104,OPTIMAL,-7.074150386759984,0.1064
18,n6_rho4_P_LI1_LE1_QE1_NCVX_seed108,6,4.0,RLT_SOC_hybrid_U,OPTIMAL,-3853.799737560801,54377.2097,0.012,OPTIMAL,-3855.063267111547,54395.0709,0.0114,OPTIMAL,-7.074150386759984,0.1064
18,n6_rho4_P_LI1_LE1_QE1_NCVX_seed108,6,4.0,RLT_SOC_hybrid_XU,OPTIMAL,-8.174320058833425,15.552,0.0089,OPTIMAL,-8.174322627767344,15.552,0.0082,OPTIMAL,-7.074150386759984,0.1064
18,n6_rho4_P_LI1_LE1_QE1_NCVX_seed108,6,4.0,RLT_PSD3x3_X,OPTIMAL,-8.174326912755108,15.5521,0.0217,OPTIMAL,-8.174326910565256,15.5521,0.0238,OPTIMAL,-7.074150386759984,0.1064
18,n6_rho4_P_LI1_LE1_QE1_NCVX_seed108,6,4.0,RLT_PSD3x3_U,OPTIMAL,-3853.799737819859,54377.2097,0.0492,OPTIMAL,-3855.063276741511,54395.071,0.095,OPTIMAL,-7.074150386759984,0.1064
18,n6_rho4_P_LI1_LE1_QE1_NCVX_seed108,6,4.0,RLT_PSD3x3_XU,OPTIMAL,-8.174326760520701,15.5521,0.0207,OPTIMAL,-8.174326840587128,15.5521,0.0288,OPTIMAL,-7.074150386759984,0.1064
18,n6_rho4_P_LI1_LE1_QE1_NCVX_seed108,6,4.0,RLT_blockSDP_X,OPTIMAL,-8.174326939745129,15.5521,0.0211,OPTIMAL,-8.174326947648058,15.5521,0.0227,OPTIMAL,-7.074150386759984,0.1064
18,n6_rho4_P_LI1_LE1_QE1_NCVX_seed108,6,4.0,RLT_blockSDP_U,SLOW_PROGRESS,,,0.0434,OPTIMAL,-3854.6532872039775,54389.2754,0.0431,OPTIMAL,-7.074150386759984,0.1064
18,n6_rho4_P_LI1_LE1_QE1_NCVX_seed108,6,4.0,RLT_blockSDP_XU,OPTIMAL,-8.174326945248945,15.5521,0.0235,OPTIMAL,-8.174326948898948,15.5521,0.0297,OPTIMAL,-7.074150386759984,0.1064
18,n6_rho4_P_LI1_LE1_QE1_NCVX_seed108,6,4.0,RLT_full_SDP,OPTIMAL,-7.557219022910899,6.8286,0.0419,OPTIMAL,-7.5572190949216385,6.8286,0.0447,OPTIMAL,-7.074150386759984,0.1064
19,n20_rho5_B_LI3_LE2_CVX_seed109,20,5.0,RLT,OPTIMAL,-8.807120462898624,195.5525,0.2988,OPTIMAL,-8.807120425471911,195.5525,0.306,OPTIMAL,-2.9798835969170914,0.0096
19,n20_rho5_B_LI3_LE2_CVX_seed109,20,5.0,RLT_SOC2x2_diag_X,OPTIMAL,-2.9797487322537037,0.0045,0.2561,OPTIMAL,-2.979751025151579,0.0044,0.2325,OPTIMAL,-2.9798835969170914,0.0096
19,n20_rho5_B_LI3_LE2_CVX_seed109,20,5.0,RLT_SOC2x2_diag_U,OPTIMAL,-8.806868196442093,195.544,0.2792,OPTIMAL,-8.80680401518804,195.5419,0.2613,OPTIMAL,-2.9798835969170914,0.0096
19,n20_rho5_B_LI3_LE2_CVX_seed109,20,5.0,RLT_SOC2x2_diag_XU,OPTIMAL,-2.9796139538645114,0.009,0.2295,OPTIMAL,-2.979708666135217,0.0059,0.2562,OPTIMAL,-2.9798835969170914,0.0096
19,n20_rho5_B_LI3_LE2_CVX_seed109,20,5.0,RLT_SOC2x2_full_X,OPTIMAL,-2.9798672036153064,0.0006,0.2554,OPTIMAL,-2.97987856009302,0.0002,0.2922,OPTIMAL,-2.9798835969170914,0.0096
19,n20_rho5_B_LI3_LE2_CVX_seed109,20,5.0,RLT_SOC2x2_full_U,OPTIMAL,-8.806949084784549,195.5467,0.317,OPTIMAL,-8.807082404688233,195.5512,0.3019,OPTIMAL,-2.9798835969170914,0.0096
19,n20_rho5_B_LI3_LE2_CVX_seed109,20,5.0,RLT_SOC2x2_full_XU,OPTIMAL,-2.9798188923493,0.0022,0.2957,OPTIMAL,-2.9798638496170398,0.0007,0.281,OPTIMAL,-2.9798835969170914,0.0096
19,n20_rho5_B_LI3_LE2_CVX_seed109,20,5.0,RLT_SOC_directional_X,OPTIMAL,-2.979876428901779,0.0002,0.2671,OPTIMAL,-2.9798695125527708,0.0005,0.3014,OPTIMAL,-2.9798835969170914,0.0096
19,n20_rho5_B_LI3_LE2_CVX_seed109,20,5.0,RLT_SOC_directional_U,OPTIMAL,-8.807116320855982,195.5524,0.3919,OPTIMAL,-8.807116548622158,195.5524,0.3556,OPTIMAL,-2.9798835969170914,0.0096
19,n20_rho5_B_LI3_LE2_CVX_seed109,20,5.0,RLT_SOC_directional_XU,OPTIMAL,-2.9798778930198395,0.0002,0.3428,OPTIMAL,-2.9798791020642597,0.0002,0.3258,OPTIMAL,-2.9798835969170914,0.0096
19,n20_rho5_B_LI3_LE2_CVX_seed109,20,5.0,RLT_SOC_hybrid_X,OPTIMAL,-2.9798760272009055,0.0003,0.2832,OPTIMAL,-2.979876140091637,0.0003,0.3105,OPTIMAL,-2.9798835969170914,0.0096
19,n20_rho5_B_LI3_LE2_CVX_seed109,20,5.0,RLT_SOC_hybrid_U,OPTIMAL,-8.8071181409752,195.5524,0.3397,OPTIMAL,-8.807116888113017,195.5524,0.3431,OPTIMAL,-2.9798835969170914,0.0096
19,n20_rho5_B_LI3_LE2_CVX_seed109,20,5.0,RLT_SOC_hybrid_XU,OPTIMAL,-2.979881182193651,0.0001,0.3172,OPTIMAL,-2.9798831388736104,0.0,0.3918,OPTIMAL,-2.9798835969170914,0.0096
19,n20_rho5_B_LI3_LE2_CVX_seed109,20,5.0,RLT_PSD3x3_X,OPTIMAL,-2.979883418112234,0.0,0.4262,OPTIMAL,-2.979883568960627,0.0,0.5614,OPTIMAL,-2.9798835969170914,0.0096
19,n20_rho5_B_LI3_LE2_CVX_seed109,20,5.0,RLT_PSD3x3_U,OPTIMAL,-8.807120342708355,195.5525,0.6532,OPTIMAL,-8.807120433896579,195.5525,0.839,OPTIMAL,-2.9798835969170914,0.0096
19,n20_rho5_B_LI3_LE2_CVX_seed109,20,5.0,RLT_PSD3x3_XU,OPTIMAL,-2.9798773727880175,0.0002,0.6485,OPTIMAL,-2.979876289220009,0.0002,0.516,OPTIMAL,-2.9798835969170914,0.0096
19,n20_rho5_B_LI3_LE2_CVX_seed109,20,5.0,RLT_blockSDP_X,OPTIMAL,-2.9798823784638664,0.0,0.4621,OPTIMAL,-2.9798834971640957,0.0,0.4729,OPTIMAL,-2.9798835969170914,0.0096
19,n20_rho5_B_LI3_LE2_CVX_seed109,20,5.0,RLT_blockSDP_U,OPTIMAL,-8.807120450274535,195.5525,0.6311,OPTIMAL,-8.807120448220022,195.5525,0.7416,OPTIMAL,-2.9798835969170914,0.0096
19,n20_rho5_B_LI3_LE2_CVX_seed109,20,5.0,RLT_blockSDP_XU,OPTIMAL,-2.9798832562492876,0.0,0.5385,OPTIMAL,-2.979882543160013,0.0,0.6492,OPTIMAL,-2.9798835969170914,0.0096
19,n20_rho5_B_LI3_LE2_CVX_seed109,20,5.0,RLT_full_SDP,OPTIMAL,-2.9798819500972087,0.0001,1.6923,OPTIMAL,-2.9798835921170053,0.0,2.0714,OPTIMAL,-2.9798835969170914,0.0096
20,n20_rho5_B_LI2_LE2_QI1_QE1_NCVX_seed110,20,5.0,RLT,OPTIMAL,-39.383089628443756,106.321,0.1779,OPTIMAL,-39.38308962846314,106.321,0.2877,OPTIMAL,-19.088263319986414,0.8932
20,n20_rho5_B_LI2_LE2_QI1_QE1_NCVX_seed110,20,5.0,RLT_SOC2x2_diag_X,OPTIMAL,-28.81252399582377,50.9437,0.2332,OPTIMAL,-28.812482826814296,50.9434,0.2649,OPTIMAL,-19.088263319986414,0.8932
20,n20_rho5_B_LI2_LE2_QI1_QE1_NCVX_seed110,20,5.0,RLT_SOC2x2_diag_U,OPTIMAL,-39.383044056044426,106.3207,0.2683,OPTIMAL,-39.38300443856481,106.3205,0.3,OPTIMAL,-19.088263319986414,0.8932
20,n20_rho5_B_LI2_LE2_QI1_QE1_NCVX_seed110,20,5.0,RLT_SOC2x2_diag_XU,OPTIMAL,-28.812415620247727,50.9431,0.236,OPTIMAL,-28.812445582032616,50.9433,0.2776,OPTIMAL,-19.088263319986414,0.8932
20,n20_rho5_B_LI2_LE2_QI1_QE1_NCVX_seed110,20,5.0,RLT_SOC2x2_full_X,OPTIMAL,-25.726314902804695,34.7756,0.2602,OPTIMAL,-25.72634611167088,34.7757,0.3795,OPTIMAL,-19.088263319986414,0.8932
20,n20_rho5_B_LI2_LE2_QI1_QE1_NCVX_seed110,20,5.0,RLT_SOC2x2_full_U,OPTIMAL,-39.38305200776582,106.3208,0.3603,OPTIMAL,-39.38302551972758,106.3206,0.3304,OPTIMAL,-19.088263319986414,0.8932
20,n20_rho5_B_LI2_LE2_QI1_QE1_NCVX_seed110,20,5.0,RLT_SOC2x2_full_XU,OPTIMAL,-25.726325663404282,34.7756,0.2972,OPTIMAL,-25.726319565322953,34.7756,0.3521,OPTIMAL,-19.088263319986414,0.8932
20,n20_rho5_B_LI2_LE2_QI1_QE1_NCVX_seed110,20,5.0,RLT_SOC_directional_X,OPTIMAL,-25.114421378138033,31.57,0.3171,OPTIMAL,-25.114411060002787,31.5699,0.3902,OPTIMAL,-19.088263319986414,0.8932
20,n20_rho5_B_LI2_LE2_QI1_QE1_NCVX_seed110,20,5.0,RLT_SOC_directional_U,OPTIMAL,-39.38305744748507,106.3208,0.2992,OPTIMAL,-39.38304528330211,106.3207,0.322,OPTIMAL,-19.088263319986414,0.8932
20,n20_rho5_B_LI2_LE2_QI1_QE1_NCVX_seed110,20,5.0,RLT_SOC_directional_XU,OPTIMAL,-25.11443243462101,31.57,0.3754,OPTIMAL,-25.114425605736933,31.57,0.4518,OPTIMAL,-19.088263319986414,0.8932
20,n20_rho5_B_LI2_LE2_QI1_QE1_NCVX_seed110,20,5.0,RLT_SOC_hybrid_X,OPTIMAL,-24.98561039600958,30.8951,0.3508,OPTIMAL,-24.985618628362023,30.8952,0.3979,OPTIMAL,-19.088263319986414,0.8932
20,n20_rho5_B_LI2_LE2_QI1_QE1_NCVX_seed110,20,5.0,RLT_SOC_hybrid_U,OPTIMAL,-39.383062213765186,106.3208,0.3124,OPTIMAL,-39.383065808392416,106.3208,0.3296,OPTIMAL,-19.088263319986414,0.8932
20,n20_rho5_B_LI2_LE2_QI1_QE1_NCVX_seed110,20,5.0,RLT_SOC_hybrid_XU,OPTIMAL,-24.985620599226852,30.8952,0.3862,OPTIMAL,-24.985619122423547,30.8952,0.4161,OPTIMAL,-19.088263319986414,0.8932
20,n20_rho5_B_LI2_LE2_QI1_QE1_NCVX_seed110,20,5.0,RLT_PSD3x3_X,OPTIMAL,-24.682150943392955,29.3054,0.6279,OPTIMAL,-24.68215433978647,29.3054,0.6396,OPTIMAL,-19.088263319986414,0.8932
20,n20_rho5_B_LI2_LE2_QI1_QE1_NCVX_seed110,20,5.0,RLT_PSD3x3_U,OPTIMAL,-39.383089629837656,106.321,0.5504,OPTIMAL,-39.38309109075274,106.321,0.504,OPTIMAL,-19.088263319986414,0.8932
20,n20_rho5_B_LI2_LE2_QI1_QE1_NCVX_seed110,20,5.0,RLT_PSD3x3_XU,OPTIMAL,-24.682150625711863,29.3054,0.5781,OPTIMAL,-24.682156641191845,29.3054,0.9021,OPTIMAL,-19.088263319986414,0.8932
20,n20_rho5_B_LI2_LE2_QI1_QE1_NCVX_seed110,20,5.0,RLT_blockSDP_X,OPTIMAL,-24.171795378002933,26.6317,0.6473,OPTIMAL,-24.171795412827365,26.6317,0.7651,OPTIMAL,-19.088263319986414,0.8932
20,n20_rho5_B_LI2_LE2_QI1_QE1_NCVX_seed110,20,5.0,RLT_blockSDP_U,OPTIMAL,-39.14603450642811,105.0791,0.4919,OPTIMAL,-39.146033138458975,105.0791,0.5902,OPTIMAL,-19.088263319986414,0.8932
20,n20_rho5_B_LI2_LE2_QI1_QE1_NCVX_seed110,20,5.0,RLT_blockSDP_XU,OPTIMAL,-24.124559023784933,26.3843,0.8494,OPTIMAL,-24.124559175887832,26.3843,0.6851,OPTIMAL,-19.088263319986414,0.8932
20,n20_rho5_B_LI2_LE2_QI1_QE1_NCVX_seed110,20,5.0,RLT_full_SDP,OPTIMAL,-20.481896956019536,7.301,2.6003,OPTIMAL,-20.481896789190216,7.301,3.6311,OPTIMAL,-19.088263319986414,0.8932
21,n15_rho7_P_LI3_LE1_QI2_QE1_NCVX_seed111,15,7.0,RLT,OPTIMAL,-10111.627128726945,6476.8617,0.2259,OPTIMAL,-10111.627128726743,6476.8617,0.1815,OPTIMAL,-153.74547331529755,41.5593
21,n15_rho7_P_LI3_LE1_QI2_QE1_NCVX_seed111,15,7.0,RLT_SOC2x2_diag_X,SLOW_PROGRESS,,,0.255,OPTIMAL,-2353.949156989339,1431.0689,0.1607,OPTIMAL,-153.74547331529755,41.5593
21,n15_rho7_P_LI3_LE1_QI2_QE1_NCVX_seed111,15,7.0,RLT_SOC2x2_diag_U,SLOW_PROGRESS,,,0.2335,OPTIMAL,-10111.627026895643,6476.8616,0.2197,OPTIMAL,-153.74547331529755,41.5593
21,n15_rho7_P_LI3_LE1_QI2_QE1_NCVX_seed111,15,7.0,RLT_SOC2x2_diag_XU,OPTIMAL,-2353.9473790975194,1431.0678,0.2113,SLOW_PROGRESS,,,0.3155,OPTIMAL,-153.74547331529755,41.5593
21,n15_rho7_P_LI3_LE1_QI2_QE1_NCVX_seed111,15,7.0,RLT_SOC2x2_full_X,SLOW_PROGRESS,,,0.2808,OPTIMAL,-661.3446787387822,330.1555,0.1966,OPTIMAL,-153.74547331529755,41.5593
21,n15_rho7_P_LI3_LE1_QI2_QE1_NCVX_seed111,15,7.0,RLT_SOC2x2_full_U,SLOW_PROGRESS,,,0.2714,OPTIMAL,-10111.626984455805,6476.8616,0.2183,OPTIMAL,-153.74547331529755,41.5593
21,n15_rho7_P_LI3_LE1_QI2_QE1_NCVX_seed111,15,7.0,RLT_SOC2x2_full_XU,SLOW_PROGRESS,,,0.2784,SLOW_PROGRESS,,,0.3172,OPTIMAL,-153.74547331529755,41.5593
21,n15_rho7_P_LI3_LE1_QI2_QE1_NCVX_seed111,15,7.0,RLT_SOC_directional_X,SLOW_PROGRESS,,,0.3018,OPTIMAL,-713.9013095244636,364.3397,0.1614,OPTIMAL,-153.74547331529755,41.5593
21,n15_rho7_P_LI3_LE1_QI2_QE1_NCVX_seed111,15,7.0,RLT_SOC_directional_U,OPTIMAL,-10111.626975278516,6476.8616,0.2708,OPTIMAL,-10111.624197589193,6476.8598,0.2262,OPTIMAL,-153.74547331529755,41.5593
21,n15_rho7_P_LI3_LE1_QI2_QE1_NCVX_seed111,15,7.0,RLT_SOC_directional_XU,SLOW_PROGRESS,,,0.2968,SLOW_PROGRESS,,,0.2487,OPTIMAL,-153.74547331529755,41.5593
21,n15_rho7_P_LI3_LE1_QI2_QE1_NCVX_seed111,15,7.0,RLT_SOC_hybrid_X,SLOW_PROGRESS,,,0.3151,SLOW_PROGRESS,,,0.2755,OPTIMAL,-153.74547331529755,41.5593
21,n15_rho7_P_LI3_LE1_QI2_QE1_NCVX_seed111,15,7.0,RLT_SOC_hybrid_U,OPTIMAL,-10111.626263336544,6476.8611,0.2467,OPTIMAL,-10111.625856506162,6476.8609,0.2301,OPTIMAL,-153.74547331529755,41.5593
21,n15_rho7_P_LI3_LE1_QI2_QE1_NCVX_seed111,15,7.0,RLT_SOC_hybrid_XU,SLOW_PROGRESS,,,0.2864,SLOW_PROGRESS,,,0.2679,OPTIMAL,-153.74547331529755,41.5593
21,n15_rho7_P_LI3_LE1_QI2_QE1_NCVX_seed111,15,7.0,RLT_PSD3x3_X,OPTIMAL,-536.4109930844836,248.8955,0.3668,OPTIMAL,-536.4109932732837,248.8955,0.4574,OPTIMAL,-153.74547331529755,41.5593
21,n15_rho7_P_LI3_LE1_QI2_QE1_NCVX_seed111,15,7.0,RLT_PSD3x3_U,SLOW_PROGRESS,,,0.7611,SLOW_PROGRESS,,,0.8165,OPTIMAL,-153.74547331529755,41.5593
21,n15_rho7_P_LI3_LE1_QI2_QE1_NCVX_seed111,15,7.0,RLT_PSD3x3_XU,OPTIMAL,-536.4109920366982,248.8955,0.4472,OPTIMAL,-536.4109933804425,248.8955,0.5674,OPTIMAL,-153.74547331529755,41.5593
21,n15_rho7_P_LI3_LE1_QI2_QE1_NCVX_seed111,15,7.0,RLT_blockSDP_X,OPTIMAL,-435.018937815155,182.9475,0.3279,OPTIMAL,-435.0189388823923,182.9475,0.3861,OPTIMAL,-153.74547331529755,41.5593
21,n15_rho7_P_LI3_LE1_QI2_QE1_NCVX_seed111,15,7.0,RLT_blockSDP_U,SLOW_PROGRESS,,,0.6183,SLOW_PROGRESS,,,0.5732,OPTIMAL,-153.74547331529755,41.5593
21,n15_rho7_P_LI3_LE1_QI2_QE1_NCVX_seed111,15,7.0,RLT_blockSDP_XU,OPTIMAL,-435.0189389051597,182.9475,0.3901,OPTIMAL,-435.0189384834681,182.9475,0.3824,OPTIMAL,-153.74547331529755,41.5593
21,n15_rho7_P_LI3_LE1_QI2_QE1_NCVX_seed111,15,7.0,RLT_full_SDP,OPTIMAL,-327.2494740952793,112.8515,1.0381,OPTIMAL,-332.4773570037357,116.2518,1.0449,OPTIMAL,-153.74547331529755,41.5593
22,n4_rho3_P_LI1_LE1_QI2_QE1_NCVX_vertexLP_seq,4,3.0,RLT,OPTIMAL,-7.405221251073689,258.621,0.0045,OPTIMAL,-7.460571361788165,261.3015,0.0058,OPTIMAL,-2.0649157066116595,0.0372
22,n4_rho3_P_LI1_LE1_QI2_QE1_NCVX_vertexLP_seq,4,3.0,RLT_SOC2x2_diag_X,OPTIMAL,-7.290625817405363,253.0714,0.0033,OPTIMAL,-7.42072157541078,259.3716,0.0046,OPTIMAL,-2.0649157066116595,0.0372
22,n4_rho3_P_LI1_LE1_QI2_QE1_NCVX_vertexLP_seq,4,3.0,RLT_SOC2x2_diag_U,OPTIMAL,-7.405218737543149,258.6209,0.0037,OPTIMAL,-7.460571296495321,261.3015,0.0037,OPTIMAL,-2.0649157066116595,0.0372
22,n4_rho3_P_LI1_LE1_QI2_QE1_NCVX_vertexLP_seq,4,3.0,RLT_SOC2x2_diag_XU,OPTIMAL,-7.29062585054999,253.0714,0.005,OPTIMAL,-7.420721322414958,259.3716,0.0047,OPTIMAL,-2.0649157066116595,0.0372
22,n4_rho3_P_LI1_LE1_QI2_QE1_NCVX_vertexLP_seq,4,3.0,RLT_SOC2x2_full_X,OPTIMAL,-4.7287928182004855,129.0066,0.0037,OPTIMAL,-4.728792170995998,129.0065,0.0048,OPTIMAL,-2.0649157066116595,0.0372
22,n4_rho3_P_LI1_LE1_QI2_QE1_NCVX_vertexLP_seq,4,3.0,RLT_SOC2x2_full_U,OPTIMAL,-7.40522124966457,258.621,0.0034,OPTIMAL,-7.460571301239198,261.3015,0.0049,OPTIMAL,-2.0649157066116595,0.0372
22,n4_rho3_P_LI1_LE1_QI2_QE1_NCVX_vertexLP_seq,4,3.0,RLT_SOC2x2_full_XU,OPTIMAL,-4.728792846428307,129.0066,0.0047,OPTIMAL,-4.728792851189211,129.0066,0.0047,OPTIMAL,-2.0649157066116595,0.0372
22,n4_rho3_P_LI1_LE1_QI2_QE1_NCVX_vertexLP_seq,4,3.0,RLT_SOC_directional_X,OPTIMAL,-5.016849284648728,142.9566,0.0046,OPTIMAL,-5.016849512732557,142.9566,0.0044,OPTIMAL,-2.0649157066116595,0.0372
22,n4_rho3_P_LI1_LE1_QI2_QE1_NCVX_vertexLP_seq,4,3.0,RLT_SOC_directional_U,OPTIMAL,-7.405221195309287,258.621,0.005,OPTIMAL,-7.460571316742298,261.3015,0.0047,OPTIMAL,-2.0649157066116595,0.0372
22,n4_rho3_P_LI1_LE1_QI2_QE1_NCVX_vertexLP_seq,4,3.0,RLT_SOC_directional_XU,OPTIMAL,-5.016849471296707,142.9566,0.0047,OPTIMAL,-5.016849505628207,142.9566,0.0051,OPTIMAL,-2.0649157066116595,0.0372
22,n4_rho3_P_LI1_LE1_QI2_QE1_NCVX_vertexLP_seq,4,3.0,RLT_SOC_hybrid_X,OPTIMAL,-4.441670207889637,115.1018,0.0059,OPTIMAL,-4.441670221358253,115.1018,0.0084,OPTIMAL,-2.0649157066116595,0.0372
22,n4_rho3_P_LI1_LE1_QI2_QE1_NCVX_vertexLP_seq,4,3.0,RLT_SOC_hybrid_U,OPTIMAL,-7.4052210424766365,258.621,0.0058,OPTIMAL,-7.460571321244809,261.3015,0.0058,OPTIMAL,-2.0649157066116595,0.0372
22,n4_rho3_P_LI1_LE1_QI2_QE1_NCVX_vertexLP_seq,4,3.0,RLT_SOC_hybrid_XU,OPTIMAL,-4.4416701309403335,115.1018,0.0055,OPTIMAL,-4.441670221998505,115.1018,0.0057,OPTIMAL,-2.0649157066116595,0.0372
22,n4_rho3_P_LI1_LE1_QI2_QE1_NCVX_vertexLP_seq,4,3.0,RLT_PSD3x3_X,OPTIMAL,-3.0457431378329045,47.4996,0.0114,OPTIMAL,-3.045743111752623,47.4996,0.0107,OPTIMAL,-2.0649157066116595,0.0372
22,n4_rho3_P_LI1_LE1_QI2_QE1_NCVX_vertexLP_seq,4,3.0,RLT_PSD3x3_U,OPTIMAL,-7.405221251003631,258.621,0.0141,OPTIMAL,-7.460571351903257,261.3015,0.0117,OPTIMAL,-2.0649157066116595,0.0372
22,n4_rho3_P_LI1_LE1_QI2_QE1_NCVX_vertexLP_seq,4,3.0,RLT_PSD3x3_XU,OPTIMAL,-3.0457430572738344,47.4996,0.0132,OPTIMAL,-3.045743158161821,47.4996,0.0127,OPTIMAL,-2.0649157066116595,0.0372
22,n4_rho3_P_LI1_LE1_QI2_QE1_NCVX_vertexLP_seq,4,3.0,RLT_blockSDP_X,OPTIMAL,-2.679733800990026,29.7745,0.0102,OPTIMAL,-2.679733802879824,29.7745,0.0101,OPTIMAL,-2.0649157066116595,0.0372
22,n4_rho3_P_LI1_LE1_QI2_QE1_NCVX_vertexLP_seq,4,3.0,RLT_blockSDP_U,OPTIMAL,-7.405221250904805,258.621,0.0112,OPTIMAL,-7.460571342936277,261.3015,0.0116,OPTIMAL,-2.0649157066116595,0.0372
22,n4_rho3_P_LI1_LE1_QI2_QE1_NCVX_vertexLP_seq,4,3.0,RLT_blockSDP_XU,OPTIMAL,-2.679733815823084,29.7745,0.0114,OPTIMAL,-2.679733800635918,29.7745,0.0139,OPTIMAL,-2.0649157066116595,0.0372
22,n4_rho3_P_LI1_LE1_QI2_QE1_NCVX_vertexLP_seq,4,3.0,RLT_full_SDP,OPTIMAL,-2.6618293721983575,28.9074,0.0184,OPTIMAL,-2.6626393880873804,28.9466,0.021,OPTIMAL,-2.0649157066116595,0.0372
23,n4_rho3_B_LI2_QI4_NCVX_vertexLP_seq,4,3.0,RLT,OPTIMAL,-5.927215273068267,270.9104,0.0052,OPTIMAL,-5.927215272972686,270.9104,0.0037,OPTIMAL,3.4680243573334604,0.0905
23,n4_rho3_B_LI2_QI4_NCVX_vertexLP_seq,4,3.0,RLT_SOC2x2_diag_X,OPTIMAL,0.592541793076673,82.9141,0.0052,OPTIMAL,0.5925422953826569,82.9141,0.0039,OPTIMAL,3.4680243573334604,0.0905
23,n4_rho3_B_LI2_QI4_NCVX_vertexLP_seq,4,3.0,RLT_SOC2x2_diag_U,OPTIMAL,-5.927215242461445,270.9104,0.0047,OPTIMAL,-5.927211378693643,270.9103,0.0044,OPTIMAL,3.4680243573334604,0.0905
23,n4_rho3_B_LI2_QI4_NCVX_vertexLP_seq,4,3.0,RLT_SOC2x2_diag_XU,OPTIMAL,0.592541908248639,82.9141,0.004,OPTIMAL,0.5925422976165258,82.9141,0.0053,OPTIMAL,3.4680243573334604,0.0905
23,n4_rho3_B_LI2_QI4_NCVX_vertexLP_seq,4,3.0,RLT_SOC2x2_full_X,OPTIMAL,3.0315820587164772,12.5848,0.0045,OPTIMAL,3.0315813024421807,12.5848,0.0046,OPTIMAL,3.4680243573334604,0.0905
23,n4_rho3_B_LI2_QI4_NCVX_vertexLP_seq,4,3.0,RLT_SOC2x2_full_U,OPTIMAL,-5.9272118203948905,270.9103,0.0042,OPTIMAL,-5.927210933813177,270.9103,0.0051,OPTIMAL,3.4680243573334604,0.0905
23,n4_rho3_B_LI2_QI4_NCVX_vertexLP_seq,4,3.0,RLT_SOC2x2_full_XU,OPTIMAL,3.031582292657254,12.5847,0.0042,OPTIMAL,3.0315814504459944,12.5848,0.0063,OPTIMAL,3.4680243573334604,0.0905
23,n4_rho3_B_LI2_QI4_NCVX_vertexLP_seq,4,3.0,RLT_SOC_directional_X,OPTIMAL,2.6085922080986523,24.7816,0.0058,OPTIMAL,2.6085929134132053,24.7816,0.0111,OPTIMAL,3.4680243573334604,0.0905
23,n4_rho3_B_LI2_QI4_NCVX_vertexLP_seq,4,3.0,RLT_SOC_directional_U,OPTIMAL,-5.927212667971396,270.9104,0.0058,OPTIMAL,-5.927212600174535,270.9104,0.0074,OPTIMAL,3.4680243573334604,0.0905
23,n4_rho3_B_LI2_QI4_NCVX_vertexLP_seq,4,3.0,RLT_SOC_directional_XU,OPTIMAL,2.608592303349513,24.7816,0.0055,OPTIMAL,2.6085931651639407,24.7816,0.0055,OPTIMAL,3.4680243573334604,0.0905
23,n4_rho3_B_LI2_QI4_NCVX_vertexLP_seq,4,3.0,RLT_SOC_hybrid_X,OPTIMAL,3.280104441247105,5.4186,0.0046,OPTIMAL,3.280105015911401,5.4186,0.0044,OPTIMAL,3.4680243573334604,0.0905
23,n4_rho3_B_LI2_QI4_NCVX_vertexLP_seq,4,3.0,RLT_SOC_hybrid_U,OPTIMAL,-5.927213007295954,270.9104,0.0045,OPTIMAL,-5.9272044274425415,270.9101,0.0055,OPTIMAL,3.4680243573334604,0.0905
23,n4_rho3_B_LI2_QI4_NCVX_vertexLP_seq,4,3.0,RLT_SOC_hybrid_XU,OPTIMAL,3.2801063886645174,5.4186,0.0051,OPTIMAL,3.280105069508469,5.4186,0.0055,OPTIMAL,3.4680243573334604,0.0905
23,n4_rho3_B_LI2_QI4_NCVX_vertexLP_seq,4,3.0,RLT_PSD3x3_X,OPTIMAL,3.3027266072174237,4.7663,0.0097,OPTIMAL,3.302726285763889,4.7663,0.0089,OPTIMAL,3.4680243573334604,0.0905
23,n4_rho3_B_LI2_QI4_NCVX_vertexLP_seq,4,3.0,RLT_PSD3x3_U,OPTIMAL,-5.927215199634743,270.9104,0.0127,OPTIMAL,-5.927215225821452,270.9104,0.0108,OPTIMAL,3.4680243573334604,0.0905
23,n4_rho3_B_LI2_QI4_NCVX_vertexLP_seq,4,3.0,RLT_PSD3x3_XU,OPTIMAL,3.302726559766625,4.7663,0.0101,OPTIMAL,3.302726388310057,4.7663,0.0105,OPTIMAL,3.4680243573334604,0.0905
23,n4_rho3_B_LI2_QI4_NCVX_vertexLP_seq,4,3.0,RLT_blockSDP_X,OPTIMAL,3.3027264749895853,4.7663,0.009,OPTIMAL,3.3027265029231283,4.7663,0.0105,OPTIMAL,3.4680243573334604,0.0905
23,n4_rho3_B_LI2_QI4_NCVX_vertexLP_seq,4,3.0,RLT_blockSDP_U,OPTIMAL,-5.927214971995361,270.9104,0.0117,OPTIMAL,-5.927215220943506,270.9104,0.0154,OPTIMAL,3.4680243573334604,0.0905
23,n4_rho3_B_LI2_QI4_NCVX_vertexLP_seq,4,3.0,RLT_blockSDP_XU,OPTIMAL,3.302726501453861,4.7663,0.013,OPTIMAL,3.302726345761318,4.7663,0.0102,OPTIMAL,3.4680243573334604,0.0905
23,n4_rho3_B_LI2_QI4_NCVX_vertexLP_seq,4,3.0,RLT_full_SDP,OPTIMAL,3.45084350595726,0.4954,0.0184,OPTIMAL,3.4508438409023117,0.4954,0.0156,OPTIMAL,3.4680243573334604,0.0905
24,n6_rho3_S_StQP_rho3_CVX_fv,6,3.0,RLT,OPTIMAL,-3.361099999980578,351.254,0.0063,OPTIMAL,-3.3610999850847394,351.254,0.0043,OPTIMAL,0.15144006497660087,0.01
24,n6_rho3_S_StQP_rho3_CVX_fv,6,3.0,RLT_SOC2x2_diag_X,OPTIMAL,-1.3627164290533282,151.4156,0.0043,OPTIMAL,-1.3627163656797343,151.4156,0.0043,OPTIMAL,0.15144006497660087,0.01
24,n6_rho3_S_StQP_rho3_CVX_fv,6,3.0,RLT_SOC2x2_diag_U,OPTIMAL,-3.3611000003545444,351.254,0.0032,OPTIMAL,-3.3611000001416182,351.254,0.0044,OPTIMAL,0.15144006497660087,0.01
24,n6_rho3_S_StQP_rho3_CVX_fv,6,3.0,RLT_SOC2x2_diag_XU,OPTIMAL,-1.3627164372973952,151.4157,0.0065,OPTIMAL,-1.3627163671196671,151.4156,0.0101,OPTIMAL,0.15144006497660087,0.01
24,n6_rho3_S_StQP_rho3_CVX_fv,6,3.0,RLT_SOC2x2_full_X,OPTIMAL,-0.24743250429489344,39.8873,0.0046,OPTIMAL,-0.2474325450106208,39.8873,0.0065,OPTIMAL,0.15144006497660087,0.01
24,n6_rho3_S_StQP_rho3_CVX_fv,6,3.0,RLT_SOC2x2_full_U,OPTIMAL,-3.3611000005923275,351.254,0.0083,OPTIMAL,-3.3611000001148117,351.254,0.0098,OPTIMAL,0.15144006497660087,0.01
24,n6_rho3_S_StQP_rho3_CVX_fv,6,3.0,RLT_SOC2x2_full_XU,OPTIMAL,-0.2474325155387522,39.8873,0.0111,OPTIMAL,-0.24743251303126865,39.8873,0.0097,OPTIMAL,0.15144006497660087,0.01
24,n6_rho3_S_StQP_rho3_CVX_fv,6,3.0,RLT_SOC_directional_X,OPTIMAL,-0.17181447795025712,32.3255,0.0087,OPTIMAL,-0.1718144802454118,32.3255,0.0073,OPTIMAL,0.15144006497660087,0.01
24,n6_rho3_S_StQP_rho3_CVX_fv,6,3.0,RLT_SOC_directional_U,OPTIMAL,-3.36110000307904,351.254,0.0043,OPTIMAL,-3.3611000223659473,351.254,0.0045,OPTIMAL,0.15144006497660087,0.01
24,n6_rho3_S_StQP_rho3_CVX_fv,6,3.0,RLT_SOC_directional_XU,OPTIMAL,-0.17181447598376814,32.3255,0.0064,OPTIMAL,-0.17181448045920375,32.3255,0.0091,OPTIMAL,0.15144006497660087,0.01
24,n6_rho3_S_StQP_rho3_CVX_fv,6,3.0,RLT_SOC_hybrid_X,OPTIMAL,-0.1095348591748676,26.0975,0.0049,OPTIMAL,-0.10953484773930022,26.0975,0.006,OPTIMAL,0.15144006497660087,0.01
24,n6_rho3_S_StQP_rho3_CVX_fv,6,3.0,RLT_SOC_hybrid_U,OPTIMAL,-3.361100000003706,351.254,0.0044,OPTIMAL,-3.3611000010974563,351.254,0.0047,OPTIMAL,0.15144006497660087,0.01
24,n6_rho3_S_StQP_rho3_CVX_fv,6,3.0,RLT_SOC_hybrid_XU,OPTIMAL,-0.10953484493769183,26.0975,0.0065,OPTIMAL,-0.10953484427412613,26.0975,0.0073,OPTIMAL,0.15144006497660087,0.01
24,n6_rho3_S_StQP_rho3_CVX_fv,6,3.0,RLT_PSD3x3_X,OPTIMAL,-0.05449220697287027,20.5932,0.0136,OPTIMAL,-0.05449220393161969,20.5932,0.0145,OPTIMAL,0.15144006497660087,0.01
24,n6_rho3_S_StQP_rho3_CVX_fv,6,3.0,RLT_PSD3x3_U,OPTIMAL,-3.3611000005866574,351.254,0.0114,OPTIMAL,-3.3611000247604244,351.254,0.0119,OPTIMAL,0.15144006497660087,0.01
24,n6_rho3_S_StQP_rho3_CVX_fv,6,3.0,RLT_PSD3x3_XU,OPTIMAL,-0.05449221170776686,20.5932,0.0159,OPTIMAL,-0.0544922196537827,20.5932,0.0177,OPTIMAL,0.15144006497660087,0.01
24,n6_rho3_S_StQP_rho3_CVX_fv,6,3.0,RLT_blockSDP_X,OPTIMAL,0.022129845821984073,12.931,0.0104,OPTIMAL,0.022129830770407644,12.931,0.0125,OPTIMAL,0.15144006497660087,0.01
24,n6_rho3_S_StQP_rho3_CVX_fv,6,3.0,RLT_blockSDP_U,OPTIMAL,-3.361100145760268,351.254,0.0082,OPTIMAL,-3.3611000371807034,351.254,0.0113,OPTIMAL,0.15144006497660087,0.01
24,n6_rho3_S_StQP_rho3_CVX_fv,6,3.0,RLT_blockSDP_XU,OPTIMAL,0.022129772723955887,12.931,0.0143,OPTIMAL,0.02212981489301874,12.931,0.014,OPTIMAL,0.15144006497660087,0.01
24,n6_rho3_S_StQP_rho3_CVX_fv,6,3.0,RLT_full_SDP,OPTIMAL,0.1332566162714106,1.8183,0.0272,OPTIMAL,0.13325645105795458,1.8184,0.0275,OPTIMAL,0.15144006497660087,0.01
